,season,age,team_id,lg_id,pos,g,mp,per,ts_pct,fg3a_per_fga_pct,fta_per_fga_pct,orb_pct,drb_pct,trb_pct,ast_pct,blk_pct,tov_pct,usg_pct,ws-dum,ows,dws,ws,ws_per_48,id
0,1971-72,22,FLO,ABA,PF,7,30,5.7,.416,.000,.462,12.7,32.9,22.6,18.1,,27.7,27.9,,-0.1,0.0,0.0,-0.021,allenwi01
1,1962-63,24,STL,NBA,SG,77,2692,11.7,.474,,.304,,,,,,,,,1.3,3.3,4.6,.082,barnhjo01
2,1963-64,25,STL,NBA,SG,74,1367,10.1,.437,,.228,,,,,,,,,-0.2,1.2,1.0,.034,barnhjo01
3,1964-65,26,STL,NBA,SG,41,777,10.1,.419,,.224,,,,14.1,,,,,-0.4,0.8,0.4,.022,barnhjo01
4,1965-66,27,TOT,NBA,PG,76,1617,10.8,.436,,.304,,,,16.3,,,,,-0.3,1.5,1.1,.034,barnhjo01
5,1965-66,27,STL,NBA,PG,31,691,11.8,.466,,.354,,,,16.5,,,,,0.3,0.5,0.9,.059,barnhjo01
6,1965-66,27,DET,NBA,PG,45,926,10.0,.415,,.270,,,,16.2,,,,,-0.7,0.9,0.3,.015,barnhjo01
7,1966-67,28,BAL,NBA,PG,53,1214,10.6,.447,,.230,,,,14.3,,,,,-0.1,0.8,0.7,.026,barnhjo01
8,1967-68,29,SDR,NBA,PG,75,1883,11.4,.463,,.334,,,,18.4,,,,,0.3,1.4,1.7,.044,barnhjo01
9,1968-69,30,BAL,NBA,PG,30,504,11.4,.469,,.371,,,,17.5,,,,,0.2,0.7,1.0,.091,barnhjo01
10,1969-70,31,INA,ABA,SG,77,2374,10.4,.473,.330,.289,,,3.3,17.6,,14.5,17.4,,0.5,1.9,2.5,.050,barnhjo01
11,1970-71,32,TOT,ABA,PG,67,1303,9.3,.441,.296,.270,,,3.9,15.4,,12.5,17.6,,-0.8,1.1,0.3,.010,barnhjo01
12,1970-71,32,INA,ABA,PG,43,619,7.9,.403,.311,.253,,,4.5,16.7,,12.7,18.6,,-0.9,0.6,-0.3,-0.025,barnhjo01
13,1970-71,32,DNR,ABA,PG,24,684,10.5,.477,.282,.286,,,3.4,14.2,,12.2,16.7,,0.1,0.5,0.6,.042,barnhjo01
14,1971-72,33,INA,ABA,PG,19,194,4.9,.363,.402,.172,3.9,5.0,4.5,11.1,,11.4,21.0,,-0.6,0.2,-0.4,-0.110,barnhjo01
15,1966-67,23,CHI,NBA,C,9,65,9.8,.449,,.381,,,,3.9,,,,,0.0,0.1,0.1,.067,bowmana01
16,1967-68,24,NYK,NBA,C,42,272,11.0,.405,,.112,,,,10.0,,,,,-0.4,0.4,0.0,-0.006,bowmana01
17,1968-69,25,NYK,NBA,C,67,607,9.2,.382,,.270,,,,11.3,,,,,-1.0,1.0,0.0,.000,bowmana01
18,1969-70,26,NYK,NBA,C,81,744,8.9,.439,,.336,,,,7.4,,,,,-0.5,1.8,1.3,.083,bowmana01
19,1970-71,27,BUF,NBA,C,44,483,10.0,.413,,.257,,,16.3,11.4,,,,,-0.4,0.4,0.0,.000,bowmana01
20,1971-72,28,PTC,ABA,C,18,217,6.0,.377,.019,.170,13.5,23.1,18.3,6.8,,23.0,12.4,,-0.3,0.0,-0.3,-0.070,bowmana01
21,,27,NOB,ABA,PG,78,2807,10.5,.475,.099,.499,,,3.8,24.5,,24.4,19.0,,2.6,4.0,6.6,.112,brownla01
22,,28,OAK,ABA,PG,77,2381,11.6,.530,.050,.537,,,4.4,27.5,,27.5,17.3,,3.3,2.5,5.8,.116,brownla01
23,,29,WSA,ABA,PG,82,2766,12.1,.537,.046,.514,,,3.9,26.9,,25.4,18.0,,4.1,1.0,5.1,.088,brownla01
24,1970-71,30,TOT,ABA,PG,63,1343,9.2,.508,.062,.662,,,3.6,28.5,,30.0,16.4,,0.9,1.5,2.4,.086,brownla01
25,1970-71,30,VIR,ABA,PG,29,530,9.0,.555,.019,.856,,,4.1,25.4,,33.8,14.4,,0.6,0.5,1.1,.104,brownla01
26,1970-71,30,DNR,ABA,PG,34,813,9.3,.485,.081,.576,,,3.3,30.5,,28.0,17.7,,0.3,1.0,1.3,.074,brownla01
27,1971-72,31,DNR,ABA,PG,76,2012,12.6,.519,.045,.439,2.3,5.2,3.7,34.5,,24.6,16.4,,1.8,3.2,5.0,.118,brownla01
28,1969-70,22,CAR,ABA,SF,57,701,11.2,.460,.000,.427,,,11.2,6.7,,14.0,18.6,,-0.1,0.8,0.7,.049,buntibi02
29,1970-71,23,TOT,ABA,SF,72,1123,9.3,.554,.000,.506,,,9.9,6.2,,19.8,12.3,,1.2,0.7,2.0,.084,buntibi02
30,1970-71,23,NYA,ABA,SF,39,687,8.3,.524,.000,.457,,,10.1,6.2,,21.9,12.9,,0.5,0.4,0.9,.060,buntibi02
31,1970-71,23,VIR,ABA,SF,33,436,11.0,.601,.000,.585,,,9.6,6.3,,16.3,11.4,,0.7,0.4,1.1,.120,buntibi02
32,1971-72,24,VIR,ABA,SF,16,115,3.3,.445,.067,1.133,2.3,9.1,5.7,2.8,,18.2,8.6,,0.0,0.1,0.0,.020,buntibi02
33,1968-69,22,NOB,ABA,SG,77,1315,11.4,.491,.307,.252,,,3.8,17.6,,16.2,19.6,,1.0,1.4,2.3,.085,butlemi01
34,1969-70,23,NOB,ABA,SG,83,1728,10.9,.470,.375,.201,,,3.1,11.5,,10.6,21.7,,0.2,1.5,1.6,.046,butlemi01
35,1970-71,24,UTS,ABA,SG,71,1414,14.1,.505,.193,.260,,,3.9,17.7,,12.9,21.4,,1.2,1.9,3.1,.107,butlemi01
36,1971-72,25,UTS,ABA,SG,14,97,6.0,.473,.250,.194,4.0,5.4,4.7,17.3,,23.5,20.3,,0.0,0.1,0.1,.037,butlemi01
37,1968-69,23,KEN,ABA,SF,48,458,7.2,.415,.064,.356,,,7.0,11.9,,14.3,22.0,,-0.6,0.5,-0.1,-0.008,chapmwa01
38,1969-70,24,KEN,ABA,SF,82,1519,9.5,.446,.057,.312,,,7.3,12.9,,15.3,21.0,,-0.8,1.8,1.0,.032,chapmwa01
39,1970-71,25,TOT,ABA,SF,69,1241,8.9,.440,.101,.281,,,6.1,13.4,,15.4,21.3,,-1.0,1.1,0.1,.004,chapmwa01
40,1970-71,25,DNR,ABA,SF,47,1049,8.4,.433,.099,.267,,,5.8,13.3,,15.6,21.4,,-1.0,0.9,-0.2,-0.007,chapmwa01
41,1970-71,25,INA,ABA,SF,22,192,11.3,.485,.115,.372,,,7.3,14.1,,14.2,20.7,,0.1,0.2,0.3,.065,chapmwa01
42,1971-72,26,INA,ABA,SF,7,76,4.8,.436,.111,.333,2.5,3.5,3.0,18.3,,22.5,13.5,,0.0,0.1,0.0,.019,chapmwa01
43,1962-63,22,SYR,NBA,PF,80,1241,17.2,.501,,.394,,,,,,,,,1.7,1.5,3.2,.123,chapple01
44,,23,TOT,NBA,PF,79,2505,16.7,.495,,.340,,,,,,,,,3.4,0.2,3.6,.069,chapple01
45,,23,PHI,NBA,,1,16,0.3,.174,,1.000,,,,,,,,,0.0,0.0,0.0,-0.102,chapple01
46,,23,NYK,NBA,PF,78,2489,16.8,.496,,.339,,,,,,,,,3.5,0.2,3.7,.070,chapple01
47,1964-65,24,NYK,NBA,C,43,655,12.9,.436,,.272,,,,3.6,,,,,-0.2,0.3,0.1,.009,chapple01
48,1965-66,25,NYK,NBA,PF,46,545,11.2,.452,,.328,,,,6.4,,,,,0.0,0.1,0.1,.013,chapple01
49,1966-67,26,TOT,NBA,C-PF,73,708,11.5,.455,,.259,,,,6.3,,,,,0.0,0.5,0.5,.034,chapple01
50,1966-67,26,CHI,NBA,PF,19,179,13.1,.478,,.236,,,,9.7,,,,,0.1,0.2,0.3,.085,chapple01
51,1966-67,26,CIN,NBA,C,54,529,11.0,.445,,.268,,,,5.2,,,,,-0.1,0.3,0.2,.017,chapple01
52,1967-68,27,TOT,NBA,C-PF,67,1064,19.0,.559,,.424,,,,6.9,,,,,2.8,0.9,3.7,.168,chapple01
53,1967-68,27,CIN,NBA,PF,10,65,18.1,.552,,.333,,,,11.0,,,,,0.2,0.0,0.2,.137,chapple01
54,1967-68,27,DET,NBA,C,57,999,19.0,.560,,.430,,,,6.6,,,,,2.7,0.9,3.5,.170,chapple01
55,1968-69,28,MIL,NBA,PF,80,2207,16.0,.503,,.335,,,,6.2,,,,,3.1,1.6,4.7,.102,chapple01
56,1969-70,29,MIL,NBA,SF,75,1134,14.9,.504,,.403,,,,6.4,,,,,1.1,1.1,2.1,.090,chapple01
57,1970-71,30,TOT,NBA,PF,48,537,13.4,.511,,.442,,,12.8,4.2,,,,,0.6,0.2,0.9,.076,chapple01
58,1970-71,30,CLE,NBA,,6,86,11.4,.464,,.368,,,10.1,1.8,,,,,0.0,0.0,0.0,.014,chapple01
59,1970-71,30,ATL,NBA,PF,42,451,13.8,.522,,.460,,,13.3,4.7,,,,,0.6,0.2,0.8,.088,chapple01
60,1971-72,31,DLC,ABA,PF,79,1403,15.9,.508,.000,.378,10.4,12.5,11.4,7.5,,9.6,19.5,,1.1,1.8,2.9,.099,chapple01
61,1967-68,24,TOT,ABA,PG,64,1020,7.0,.419,.134,.158,,,4.6,19.0,,21.6,20.1,,-0.5,0.8,0.3,.014,congdje01
62,1967-68,24,ANA,ABA,PG,23,622,7.0,.441,.113,.183,,,5.1,16.7,,23.1,17.4,,0.0,0.2,0.2,.016,congdje01
63,1967-68,24,DNR,ABA,PG,41,398,6.9,.394,.157,.131,,,4.0,22.5,,19.8,24.4,,-0.6,0.7,0.1,.012,congdje01
64,1968-69,25,DNR,ABA,PG,59,979,7.1,.458,.112,.307,,,4.3,17.3,,23.6,15.7,,0.0,0.9,0.9,.046,congdje01
65,1969-70,26,DNR,ABA,PG,83,2461,10.8,.472,.230,.248,,,4.2,22.7,,19.3,16.0,,0.6,3.8,4.3,.085,congdje01
66,1970-71,27,TOT,ABA,PG,80,1562,7.0,.428,.181,.197,,,4.1,20.0,,21.5,16.0,,-1.1,1.8,0.7,.021,congdje01
67,1970-71,27,UTS,ABA,PG,38,983,6.2,.404,.223,.175,,,3.9,19.3,,20.6,17.0,,-1.2,1.4,0.2,.011,congdje01
68,1970-71,27,NYA,ABA,PG,42,579,8.4,.481,.087,.247,,,4.6,21.2,,23.5,14.3,,0.1,0.3,0.4,.037,congdje01
69,1971-72,28,DLC,ABA,PG,20,261,9.8,.422,.081,.233,3.1,7.0,5.0,19.5,,12.1,17.2,,-0.3,0.3,0.0,.006,congdje01
70,1971-72,23,CAR,ABA,,1,12,-3.0,.225,.125,.250,14.7,24.1,19.2,0.0,,10.1,30.3,,-0.1,0.0,-0.1,-0.421,dorsero01
71,1967-68,22,DET,NBA,PF,28,162,6.4,.324,,.347,,,,8.3,,,,,-0.6,0.1,-0.5,-0.136,doveso01
72,1968-69,23,DET,NBA,PF,29,236,13.6,.509,,.360,,,,7.1,,,,,0.3,0.1,0.4,.088,doveso01
73,1969-70,24,NYA,ABA,PF,80,2284,14.7,.500,.013,.384,,,11.4,7.0,,14.8,22.3,,2.1,2.2,4.3,.090,doveso01
74,1970-71,25,NYA,ABA,PF,83,2280,13.9,.499,.014,.271,,,14.5,5.6,,16.6,22.5,,1.5,1.5,3.0,.063,doveso01
75,1971-72,26,NYA,ABA,PF,2,9,3.3,.475,.000,.600,11.1,0.0,5.4,16.3,,24.0,36.0,,0.0,0.0,0.0,.019,doveso01
76,1971-72,22,MMP,ABA,PG,4,13,10.1,.444,.556,.000,0.0,0.0,0.0,12.2,,0.0,25.3,,0.0,0.0,0.0,-0.023,doverje01
77,1971-72,22,NYA,ABA,,1,1,-52.7,,,,0.0,0.0,0.0,0.0,,100.0,39.0,,0.0,0.0,0.0,.008,durhaja01
78,1971-72,22,UTS,ABA,,22,124,9.2,.503,.146,.271,12.4,9.8,11.0,21.7,,28.1,23.2,,0.1,0.1,0.2,.089,fieldbo01
79,1971-72,23,TOT,ABA,PF,12,66,25.1,.537,.000,.029,20.3,23.8,22.2,13.7,,10.4,22.4,,0.1,0.1,0.2,.151,fisheri01
80,1971-72,23,UTS,ABA,,9,59,23.0,.526,.000,.034,17.9,25.0,21.6,7.6,,9.2,21.2,,0.1,0.1,0.2,.131,fisheri01
81,1971-72,23,FLO,ABA,PF,3,7,43.4,.600,.000,.000,40.8,14.1,27.7,64.7,,16.7,33.2,,0.0,0.0,0.0,.318,fisheri01
82,1970-71,25,FLO,ABA,C,70,1151,10.0,.485,.003,.323,,,13.4,6.2,,15.0,16.2,,0.3,0.9,1.1,.048,fulleca01
83,1971-72,26,FLO,ABA,C,6,63,12.4,.510,.000,1.071,10.6,32.9,21.5,12.3,,25.4,16.9,,0.0,0.1,0.1,.086,fulleca01
84,1969-70,22,MIL,NBA,SF,41,292,9.0,.437,,.257,,,,11.0,,,,,-0.2,0.3,0.1,.011,greacbo01
85,1970-71,23,MIL,NBA,SF,2,43,3.6,.166,,.583,,,6.6,30.8,,,,,-0.2,0.1,-0.2,-0.189,greacbo01
86,1971-72,24,NYA,ABA,SF,4,20,0.7,.500,.000,.000,5.0,4.7,4.9,5.9,,50.0,7.8,,0.0,0.0,0.0,.026,greacbo01
87,1971-72,24,PTC,ABA,C,25,335,10.0,.459,.000,.225,13.4,20.2,16.8,4.0,,15.1,14.4,,-0.1,0.0,-0.1,-0.020,grossmi01
88,1967-68,24,DNR,ABA,SF,74,1364,17.5,.537,.000,.456,,,11.2,6.8,,15.1,18.3,,3.1,2.0,5.1,.179,hammoju01
89,1968-69,25,DNR,ABA,SF,78,2335,15.0,.578,.000,.421,,,11.7,6.9,,17.6,13.8,,4.3,2.2,6.6,.135,hammoju01
90,1969-70,26,DNR,ABA,SF,69,1847,15.9,.539,.002,.368,,,11.2,8.0,,17.1,18.6,,3.0,2.7,5.7,.147,hammoju01
91,1970-71,27,DNR,ABA,SF,83,2082,17.9,.572,.000,.450,,,10.8,6.4,,15.3,19.8,,4.8,1.9,6.7,.155,hammoju01
92,1971-72,28,DNR,ABA,SF,25,411,13.4,.503,.000,.357,10.3,15.2,12.6,9.4,,15.6,17.5,,0.2,0.6,0.8,.097,hammoju01
93,1962-63,23,SFW,NBA,PF,66,1387,7.8,.396,,.286,,,,,,,,,-1.9,1.1,-0.8,-0.029,hightwa01
94,1963-64,24,SFW,NBA,PF,79,2536,12.0,.448,,.322,,,,,,,,,0.0,4.0,4.0,.077,hightwa01
95,1964-65,25,TOT,NBA,PF,75,1547,10.5,.431,,.446,,,,4.7,,,,,-0.5,1.2,0.7,.023,hightwa01
96,1964-65,25,SFW,NBA,PF,48,1037,10.1,.429,,.437,,,,5.0,,,,,-0.4,1.1,0.7,.033,hightwa01
97,1964-65,25,BAL,NBA,PF,27,510,11.2,.434,,.466,,,,4.1,,,,,-0.1,0.1,0.0,.003,hightwa01
98,1965-66,26,BAL,NBA,PF,24,460,10.6,.415,,.419,,,,9.5,,,,,-0.4,0.3,0.0,-0.003,hightwa01
99,1966-67,27,TOT,NBA,PF,72,1310,10.7,.412,,.370,,,,6.3,,,,,-1.5,1.3,-0.2,-0.007,hightwa01
100,1966-67,27,BAL,NBA,PF,43,746,10.2,.407,,.403,,,,6.0,,,,,-0.9,0.6,-0.3,-0.020,hightwa01
101,1966-67,27,DET,NBA,PF,29,564,11.4,.418,,.332,,,,6.7,,,,,-0.6,0.7,0.1,.011,hightwa01
102,1967-68,28,DNR,ABA,PF,74,2459,17.7,.470,.005,.482,,,10.2,8.9,,10.8,24.0,,2.1,3.6,5.8,.112,hightwa01
103,,29,DNR,ABA,PF,67,2318,14.7,.491,.003,.559,,,12.6,11.3,,15.6,18.2,,1.6,2.6,4.2,.086,hightwa01
104,1969-70,30,LAS,ABA,PF,27,961,16.9,.512,.005,.422,,,11.6,10.7,,13.4,21.2,,1.1,1.0,2.2,.108,hightwa01
105,1970-71,31,TOT,ABA,PF,68,2355,13.3,.470,.004,.426,,,11.1,10.2,,12.6,17.6,,-0.1,3.0,2.9,.060,hightwa01
106,1970-71,31,UTS,ABA,PF,35,1135,13.1,.463,.002,.419,,,10.8,11.6,,14.2,19.0,,-0.2,1.9,1.7,.072,hightwa01
107,1970-71,31,TEX,ABA,PF,33,1220,13.4,.477,.005,.432,,,11.5,8.9,,10.9,16.2,,0.1,1.1,1.2,.048,hightwa01
108,1971-72,32,CAR,ABA,PF,13,141,13.4,.438,.031,.563,10.7,17.8,14.1,9.7,,13.1,24.0,,-0.2,0.2,0.0,-0.001,hightwa01
109,1967-68,22,PTP,ABA,,16,146,7.3,.385,.171,.171,,,9.6,13.1,,10.9,23.4,,-0.3,0.2,-0.1,-0.035,kellyar01
110,1968-69,23,MNP,ABA,SG,68,1066,6.6,.423,.247,.242,,,6.5,7.8,,15.9,18.6,,-0.9,1.3,0.3,.015,kellyar01
111,1969-70,24,PTP,ABA,PG,70,2391,12.0,.537,.095,.330,,,4.7,12.5,,19.0,16.6,,3.4,1.5,4.9,.098,kellyar01
112,1970-71,25,TOT,ABA,,22,180,6.8,.596,.086,.886,,,5.9,11.2,,30.2,13.7,,0.3,0.1,0.4,.113,kellyar01
113,1970-71,25,PTC,ABA,,17,135,9.6,.593,.111,.852,,,7.5,14.9,,25.9,13.0,,0.2,0.1,0.3,.120,kellyar01
114,1970-71,25,CAR,ABA,,5,45,-1.7,.608,.000,1.000,,,1.0,0.0,,41.0,15.7,,0.1,0.0,0.1,.093,kellyar01
115,1971-72,26,TOT,ABA,SG,12,112,6.6,.488,.103,.138,4.1,8.0,6.1,15.2,,20.6,12.8,,0.0,0.0,0.0,.021,kellyar01
116,1971-72,26,PTC,ABA,,8,71,11.0,.551,.150,.200,5.2,5.1,5.2,20.6,,21.6,14.3,,0.1,0.0,0.1,.057,kellyar01
117,1971-72,26,INA,ABA,SG,4,41,-0.8,.333,.000,.000,2.3,12.9,7.8,6.0,,18.2,10.4,,-0.1,0.0,0.0,-0.042,kellyar01
118,,29,NOB,ABA,SF,78,3113,21.2,.492,.014,.430,,,10.9,10.2,,9.4,24.9,,5.1,4.2,9.4,.144,moedo01
119,,30,OAK,ABA,SF,75,2528,16.8,.500,.011,.362,,,10.7,8.0,,11.3,21.7,,2.6,2.2,4.8,.091,moedo01
120,,31,CAR,ABA,SF,80,2671,16.6,.483,.027,.318,,,7.6,24.3,,15.6,24.1,,1.6,3.6,5.2,.093,moedo01
121,1970-71,32,VIR,ABA,SF,78,2297,13.3,.516,.011,.297,,,9.4,14.4,,15.7,17.9,,2.1,2.2,4.3,.090,moedo01
122,1971-72,33,VIR,ABA,SF,67,1472,8.5,.482,.022,.311,4.8,9.6,7.2,12.0,,19.2,14.3,,0.2,1.6,1.8,.058,moedo01
123,1968-69,22,TOT,NBA,C,34,272,11.9,.457,,.236,,,,7.9,,,,,0.0,0.2,0.2,.038,niemari01
124,1968-69,22,DET,NBA,C,16,123,11.6,.467,,.213,,,,9.7,,,,,0.0,0.1,0.1,.037,niemari01
125,1968-69,22,MIL,NBA,C,18,149,12.2,.450,,.254,,,,6.4,,,,,0.0,0.1,0.1,.038,niemari01
126,1969-70,23,TOT,TOT,C,69,1484,17.7,.519,.000,.320,,,17.9,9.0,,17.1,21.4,,2.0,2.4,4.4,.143,niemari01
127,1969-70,23,BOS,NBA,C,6,18,6.5,.510,,.400,,,,13.7,,,,,0.0,0.0,0.0,.107,niemari01
128,1969-70,23,CAR,ABA,C,63,1466,17.8,.519,.000,.319,,,17.9,9.0,,17.1,21.4,,2.0,2.4,4.4,.144,niemari01
129,1970-71,24,FLO,ABA,C,51,642,14.1,.533,.000,.249,,,18.6,6.4,,17.6,18.8,,0.8,0.6,1.4,.107,niemari01
130,1971-72,25,DLC,ABA,C,33,524,9.9,.536,.000,.347,8.8,21.2,14.9,6.3,,19.3,11.1,,0.4,0.8,1.2,.109,niemari01
131,1971-72,22,VIR,ABA,,5,34,-2.9,.242,.333,.333,2.6,5.1,3.9,19.0,,22.5,14.1,,-0.1,0.0,-0.1,-0.121,pagetda01
132,1968-69,23,DNR,ABA,PF,77,1819,14.0,.461,.086,.158,,,9.1,3.7,,8.9,23.1,,-0.2,1.4,1.2,.031,piatkwa01
133,1969-70,24,DNR,ABA,PF,74,1302,9.7,.447,.093,.185,,,8.5,4.2,,11.5,18.6,,-0.6,1.5,0.8,.031,piatkwa01
134,1971-72,26,FLO,ABA,PF,6,28,-9.6,.188,.000,.000,3.4,3.5,3.5,9.4,,15.8,26.2,,-0.3,0.0,-0.2,-0.415,piatkwa01
135,1970-71,22,KEN,ABA,SG,78,1213,10.4,.469,.026,.291,,,8.0,18.7,,20.9,17.4,,0.0,0.9,0.9,.037,prattmi01
136,1971-72,23,KEN,ABA,SG,65,889,11.3,.532,.133,.326,7.3,9.0,8.2,14.0,,19.1,18.4,,1.0,1.2,2.2,.121,prattmi01
137,1970-71,22,NYK,NBA,SG,56,251,5.6,.438,,.420,,,5.3,6.0,,,,,-0.1,0.3,0.2,.034,pricemi01
138,1971-72,23,TOT,TOT,SG,10,65,6.9,.449,.000,.478,3.8,14.1,8.0,14.1,,30.8,20.1,,0.0,0.1,0.1,.038,pricemi01
139,1971-72,23,NYK,NBA,SG,6,40,13.6,.504,,.786,,,7.4,19.6,,,,,0.0,0.1,0.1,.121,pricemi01
140,1971-72,23,INA,ABA,SG,4,25,-3.9,.333,.000,.000,3.8,14.1,9.1,5.2,,30.8,20.1,,-0.1,0.0,0.0,-0.096,pricemi01
141,1972-73,24,PHI,NBA,SG,57,751,10.4,.448,,.156,,,6.9,13.3,,,,,-0.2,0.4,0.2,.011,pricemi01
142,1968-69,22,BAL,NBA,SF,28,154,14.9,.471,,.603,,,,10.3,,,,,0.1,0.2,0.3,.092,quickbo01
143,1969-70,23,TOT,NBA,SF,34,364,12.9,.514,,.511,,,,5.2,,,,,0.4,0.2,0.6,.076,quickbo01
144,1969-70,23,BAL,NBA,SF,15,67,15.9,.557,,.643,,,,5.8,,,,,0.2,0.1,0.2,.162,quickbo01
145,1969-70,23,DET,NBA,SF,19,297,12.2,.503,,.477,,,,5.1,,,,,0.2,0.1,0.4,.057,quickbo01
146,1970-71,24,DET,NBA,SF,56,1146,12.4,.535,,.516,,,9.7,6.6,,,,,1.8,0.9,2.6,.110,quickbo01
147,1971-72,25,TOT,TOT,SF,24,261,17.2,.569,.000,.567,10.5,14.3,12.0,6.7,,17.1,17.1,,0.7,0.1,0.8,.148,quickbo01
148,1971-72,25,DET,NBA,SF,18,204,17.1,.550,,.549,,,11.9,7.8,,,,,0.5,0.0,0.5,.121,quickbo01
149,1971-72,25,DLC,ABA,SF,6,57,17.8,.670,.000,.667,10.5,14.3,12.4,2.6,,17.1,17.1,,0.2,0.1,0.3,.245,quickbo01
150,1970-71,23,FLO,ABA,SF,83,2172,12.5,.480,.021,.150,,,8.8,7.2,,9.0,18.0,,0.3,1.3,1.6,.036,robinsa01
151,1971-72,24,FLO,ABA,SF,51,686,13.7,.464,.007,.227,8.0,11.2,9.6,10.2,,6.8,20.0,,-0.3,0.5,0.2,.014,robinsa01
152,1971-72,25,DLC,ABA,,1,2,-10.4,,,,0.0,0.0,0.0,0.0,,,0.0,,0.0,0.0,0.0,.016,sanforo01
153,1961-62,23,DET,NBA,PF,75,2087,15.4,.442,,.406,,,,,,,,,0.0,2.5,2.5,.057,scottra01
154,1962-63,24,DET,NBA,PF,76,2538,15.1,.468,,.412,,,,,,,,,1.0,2.5,3.5,.066,scottra01
155,1963-64,25,DET,NBA,PF,80,2964,16.9,.466,,.349,,,,,,,,,1.7,1.7,3.4,.055,scottra01
156,1964-65,26,DET,NBA,PF,66,2167,15.0,.416,,.288,,,,15.5,,,,,-1.6,2.9,1.3,.029,scottra01
157,1965-66,27,DET,NBA,PF,79,2652,17.1,.470,,.332,,,,12.8,,,,,1.9,3.4,5.3,.096,scottra01
158,1966-67,28,TOT,NBA,C-PF,72,2446,14.6,.449,,.320,,,,9.0,,,,,-0.4,2.8,2.4,.047,scottra01
159,1966-67,28,DET,NBA,C,45,1477,12.7,.428,,.302,,,,7.8,,,,,-1.1,1.9,0.8,.024,scottra01
160,1966-67,28,BAL,NBA,PF,27,969,17.5,.480,,.346,,,,10.8,,,,,0.7,0.9,1.6,.080,scottra01
161,1967-68,29,BAL,NBA,PF,81,2924,16.0,.479,,.376,,,,7.5,,,,,1.5,3.9,5.5,.090,scottra01
162,1968-69,30,BAL,NBA,PF,82,2168,14.9,.464,,.277,,,,7.9,,,,,0.7,3.8,4.5,.099,scottra01
163,1969-70,31,BAL,NBA,PF,73,1393,15.1,.479,,.286,,,,10.2,,,,,0.3,2.2,2.5,.086,scottra01
164,1970-71,32,VIR,ABA,C,72,1552,19.6,.496,.001,.253,,,16.9,11.1,,11.7,26.7,,1.1,1.9,3.0,.093,scottra01
165,1971-72,33,VIR,ABA,PF,55,818,14.9,.470,.010,.290,7.6,19.3,13.5,6.4,,11.0,21.9,,-0.2,1.1,0.9,.052,scottra01
166,1968-69,22,MMF,ABA,PF,77,1984,16.5,.545,.006,.686,,,13.0,4.9,,14.3,18.1,,3.6,2.0,5.6,.135,sidledo01
167,1969-70,23,MMF,ABA,PF,84,3493,19.4,.547,.005,.480,,,14.1,5.2,,13.5,19.0,,6.7,3.1,9.7,.134,sidledo01
168,1970-71,24,TOT,ABA,PF,84,2151,17.4,.548,.011,.389,,,12.8,6.1,,13.5,19.0,,3.7,2.2,5.9,.132,sidledo01
169,1970-71,24,DNR,ABA,PF,54,1623,17.9,.539,.007,.370,,,12.9,5.5,,13.2,20.0,,2.6,1.6,4.2,.124,sidledo01
170,1970-71,24,INA,ABA,PF,30,528,16.1,.588,.025,.471,,,12.6,7.6,,14.8,15.8,,1.1,0.6,1.7,.159,sidledo01
171,1971-72,25,TOT,ABA,PF-C,69,960,15.5,.506,.026,.508,10.4,11.3,10.8,3.9,,10.7,20.4,,0.7,1.2,1.9,.094,sidledo01
172,1971-72,25,INA,ABA,C,27,394,15.4,.532,.007,.343,10.6,11.4,11.0,3.6,,10.8,18.1,,0.5,0.4,0.9,.108,sidledo01
173,1971-72,25,MMP,ABA,PF,42,566,15.5,.491,.037,.606,10.3,11.2,10.7,4.2,,10.5,22.1,,0.2,0.8,1.0,.083,sidledo01
174,1961-62,25,CIN,NBA,SG,80,1462,11.0,.483,,.445,,,,,,,,,1.4,0.5,1.8,.061,smithad01
175,1962-63,26,CIN,NBA,SG,79,1522,13.1,.530,,.506,,,,,,,,,2.7,0.7,3.4,.107,smithad01
176,1963-64,27,CIN,NBA,SG,66,1524,10.7,.469,,.342,,,,,,,,,0.9,1.0,1.9,.059,smithad01
177,1964-65,28,CIN,NBA,SG,80,2745,12.9,.519,,.337,,,,11.9,,,,,5.0,1.1,6.1,.106,smithad01
178,,29,CIN,NBA,SG,80,2982,12.4,.483,,.366,,,,11.3,,,,,2.9,1.5,4.4,.071,smithad01
179,1966-67,30,CIN,NBA,SG,81,2636,12.6,.512,,.331,,,,9.5,,,,,4.0,1.0,5.1,.092,smithad01
180,1967-68,31,CIN,NBA,SG,82,2783,12.4,.531,,.373,,,,12.9,,,,,4.7,0.5,5.2,.089,smithad01
181,1968-69,32,CIN,NBA,SG,73,1336,13.5,.517,,.479,,,,13.2,,,,,2.4,0.2,2.6,.092,smithad01
182,1969-70,33,TOT,NBA,SG,77,1087,10.7,.467,,.409,,,,15.8,,,,,-0.1,0.9,0.8,.036,smithad01
183,1969-70,33,CIN,NBA,SG,32,453,9.4,.493,,.405,,,,12.2,,,,,0.2,0.3,0.5,.051,smithad01
184,1969-70,33,SFW,NBA,SG,45,634,11.7,.452,,.410,,,,18.3,,,,,-0.3,0.6,0.3,.024,smithad01
185,1970-71,34,SFW,NBA,SG,21,247,14.2,.518,,.461,,,4.3,16.8,,,,,0.4,0.2,0.5,.105,smithad01
186,1971-72,35,VIR,ABA,SG,53,686,10.0,.558,.056,.528,1.8,4.1,2.9,7.4,,12.4,14.4,,1.0,0.5,1.5,.105,smithad01
187,1968-69,22,LAS,ABA,SF,74,2199,16.7,.523,.077,.350,,,10.4,4.0,,10.0,20.6,,3.4,1.1,4.5,.098,stonege01
188,1969-70,23,LAS,ABA,SF,83,2639,15.1,.500,.173,.256,,,9.2,8.1,,10.4,20.8,,2.3,2.3,4.6,.084,stonege01
189,1970-71,24,UTS,ABA,SF,78,1734,17.0,.522,.194,.193,,,8.9,8.5,,7.6,20.0,,2.2,2.5,4.6,.128,stonege01
190,1971-72,25,TOT,ABA,SF,24,381,8.1,.458,.073,.228,3.2,12.0,7.5,8.0,,14.0,15.5,,-0.1,0.3,0.2,.021,stonege01
191,1971-72,25,UTS,ABA,SF,8,142,9.6,.492,.083,.229,4.7,9.8,7.4,3.7,,10.2,16.0,,0.0,0.1,0.1,.045,stonege01
192,1971-72,25,CAR,ABA,SF,16,239,7.2,.436,.067,.227,2.2,13.3,7.5,10.6,,16.2,15.2,,-0.2,0.2,0.0,.006,stonege01
193,1971-72,22,PTC,ABA,SF,53,598,19.6,.640,.008,.224,12.6,10.4,11.5,9.6,,16.1,18.9,,2.2,0.0,2.2,.174,szczewa01
194,1969-70,22,TOT,ABA,C,75,910,9.7,.496,.000,.312,,,15.4,10.1,,25.0,20.5,,0.6,1.1,1.7,.090,tayloro01
195,1969-70,22,NYA,ABA,C,72,873,10.3,.499,.000,.305,,,15.7,10.5,,25.0,20.7,,0.7,1.1,1.7,.096,tayloro01
196,1969-70,22,WSA,ABA,C,3,37,-3.3,.402,.000,.556,,,8.3,0.0,,26.3,14.6,,0.0,0.0,0.0,-0.038,tayloro01
197,1970-71,23,VIR,ABA,C,1,25,-7.1,.106,.000,.111,,,0.0,16.9,,0.0,13.3,,-0.2,0.0,-0.2,-0.290,tayloro01
198,1971-72,24,PTC,ABA,C,1,4,-35.8,.000,.000,.000,22.9,0.0,11.4,0.0,,50.0,18.2,,0.0,0.0,0.0,-0.305,tayloro01
199,1969-70,23,TOT,ABA,SF,82,1446,11.4,.510,.020,.536,,,9.8,6.9,,16.3,15.1,,1.2,1.7,2.9,.096,tinslge01
200,1969-70,23,WSA,ABA,SF,5,27,-0.1,.400,.000,.571,,,6.5,0.0,,25.5,15.5,,0.0,0.0,0.0,-0.044,tinslge01
201,1969-70,23,KEN,ABA,SF,77,1419,11.6,.512,.020,.535,,,9.9,7.0,,16.1,15.1,,1.2,1.7,2.9,.099,tinslge01
202,1971-72,25,FLO,ABA,SF,51,418,10.6,.474,.126,.356,6.8,7.1,7.0,12.9,,11.4,21.0,,0.0,0.3,0.2,.026,tinslge01
203,1967-68,24,SEA,NBA,PF,81,2368,12.0,.480,,.266,,,,6.1,,,,,1.1,1.2,2.3,.046,tuckeal01
204,1968-69,25,TOT,NBA,PF,84,1885,12.7,.480,,.302,,,,5.6,,,,,1.3,0.8,2.1,.052,tuckeal01
205,1968-69,25,SEA,NBA,PF,56,1259,12.9,.468,,.314,,,,6.2,,,,,0.4,0.7,1.1,.044,tuckeal01
206,1968-69,25,CIN,NBA,PF,28,626,12.4,.507,,.275,,,,4.3,,,,,0.8,0.1,0.9,.070,tuckeal01
207,1969-70,26,TOT,NBA,PF,61,819,13.3,.560,,.305,,,,6.2,,,,,1.5,0.8,2.3,.134,tuckeal01
208,1969-70,26,CHI,NBA,PF,33,557,12.9,.553,,.238,,,,7.6,,,,,0.9,0.5,1.4,.123,tuckeal01
209,1969-70,26,BAL,NBA,PF,28,262,14.1,.572,,.438,,,,3.3,,,,,0.6,0.3,0.9,.158,tuckeal01
210,1970-71,27,TOT,TOT,PF,45,607,13.1,.503,.027,.277,,,10.3,4.4,,13.0,21.7,,0.5,0.5,1.1,.085,tuckeal01
211,1970-71,27,BAL,NBA,PF,31,276,13.7,.501,,.270,,,11.7,3.4,,,,,0.3,0.3,0.6,.107,tuckeal01
212,1970-71,27,FLO,ABA,PF,14,331,12.6,.505,.047,.282,,,9.2,5.2,,13.0,21.7,,0.3,0.2,0.5,.067,tuckeal01
213,1971-72,28,FLO,ABA,PF,81,1799,14.7,.524,.101,.246,4.8,16.5,10.6,8.4,,12.6,22.1,,2.2,1.2,3.5,.093,tuckeal01
214,1968-69,23,ATL,NBA,,11,29,2.3,.290,,.778,,,,4.1,,,,,-0.1,0.0,-0.1,-0.134,walledw01
215,1969-70,24,DNR,ABA,,7,87,7.9,.448,.042,.792,,,19.2,5.7,,33.1,20.6,,0.0,0.2,0.1,.077,walledw01
216,1971-72,26,DNR,ABA,,2,10,13.1,.500,.000,.000,8.8,37.2,22.6,14.1,,20.0,18.7,,0.0,0.0,0.0,.133,walledw01
217,1971-72,23,TOT,ABA,SF,24,237,9.2,.501,.037,.266,5.2,11.4,8.1,10.3,,22.3,24.3,,0.1,0.3,0.5,.094,webstel01
218,1971-72,23,NYA,ABA,,8,14,1.9,.436,.000,.333,0.0,6.7,3.5,10.3,,22.5,24.7,,0.0,0.0,0.0,-0.036,webstel01
219,1971-72,23,MMP,ABA,SF,16,223,9.7,.505,.039,.262,5.5,11.7,8.4,10.3,,22.3,24.3,,0.2,0.3,0.5,.102,webstel01
220,1970-71,22,DNR,ABA,SG,39,261,10.1,.447,.250,.311,,,7.9,14.9,,16.7,24.1,,-0.2,0.3,0.1,.012,wilsost01
221,1971-72,23,DNR,ABA,SG,9,36,-2.0,.268,.087,.304,7.3,2.6,5.0,21.6,,10.3,30.3,,-0.3,0.0,-0.3,-0.336,wilsost01
222,1970-71,22,MIL,NBA,,3,14,11.4,.368,,.200,,,13.5,18.1,,,,,-0.1,0.0,0.0,-0.121,winklma01
223,1971-72,23,INA,ABA,SG,20,155,1.3,.332,.074,.259,4.3,5.1,4.7,9.8,,16.6,18.0,,-0.5,0.1,-0.4,-0.112,winklma01
224,1970-71,23,KEN,ABA,SG,52,612,6.6,.445,.171,.200,,,5.7,12.6,,18.1,18.9,,-0.3,0.4,0.0,.001,wrighho01
225,1971-72,24,KEN,ABA,SG,1,4,-18.0,.000,,,0.0,0.0,0.0,0.0,,69.4,13.9,,0.0,0.0,0.0,-0.122,wrighho01
226,1967-68,23,DNR,ABA,SG,38,896,13.0,.467,.026,.350,,,5.0,11.4,,9.7,19.0,,0.6,1.1,1.7,.091,wrighlo01
227,1968-69,24,DNR,ABA,SG,69,2538,11.4,.467,.079,.253,,,5.2,9.5,,11.7,20.2,,0.3,1.8,2.1,.041,wrighlo01
228,1969-70,25,DNR,ABA,SG,79,2237,10.6,.467,.203,.184,,,4.2,9.0,,8.6,18.7,,0.0,2.2,2.3,.049,wrighlo01
229,1970-71,26,TOT,ABA,PG-SG,72,1398,7.0,.412,.133,.238,,,4.9,10.7,,10.8,17.8,,-1.8,0.9,-0.9,-0.031,wrighlo01
230,1970-71,26,DNR,ABA,PG,41,769,4.9,.365,.171,.235,,,5.0,9.7,,10.6,18.4,,-1.9,0.6,-1.3,-0.083,wrighlo01
231,1970-71,26,FLO,ABA,SG,31,629,9.6,.479,.078,.243,,,4.8,11.8,,11.2,17.0,,0.1,0.3,0.4,.032,wrighlo01
232,1971-72,27,FLO,ABA,PG,77,1638,8.6,.475,.122,.195,2.6,6.8,4.7,11.3,,12.0,17.5,,-0.1,0.8,0.7,.022,wrighlo01
233,1970-71,23,BAL,NBA,SG,50,226,1.7,.326,,.243,,,5.3,4.0,,,,,-1.0,0.2,-0.8,-0.164,zellega01
234,1971-72,24,TOT,TOT,SG,40,553,5.3,.372,.004,.158,6.1,5.8,6.4,8.1,,21.6,19.8,,-1.5,0.4,-1.1,-0.096,zellega01
235,1971-72,24,BAL,NBA,SG,28,471,7.2,.385,,.153,,,6.5,9.0,,,,,-1.1,0.4,-0.8,-0.079,zellega01
236,1971-72,24,NYA,ABA,SG,12,82,-6.0,.276,.033,.200,6.1,5.8,5.9,3.0,,21.6,19.8,,-0.4,0.0,-0.3,-0.195,zellega01
