,season,age,team_id,lg_id,pos,g,gs,mp,fg_per_poss,fga_per_poss,fg_pct,ft_per_poss,fta_per_poss,ft_pct,orb_per_poss,drb_per_poss,trb_per_poss,ast_per_poss,stl_per_poss,blk_per_poss,pf_per_poss,pts_per_poss,,off_rtg,def_rtg,id
0,1973-74,27,CHI,NBA,PG,55,,618,4.7,12.6,.376,4.0,5.6,.711,1.2,3.9,5.1,4.1,2.7,0.1,4.7,13.5,,,94,adelmri01
1,1974-75,28,TOT,NBA,PG,58,,1074,5.2,12.3,.423,3.1,4.4,.709,1.1,3.0,4.0,4.7,3.0,0.3,4.3,13.5,,,97,adelmri01
2,1974-75,28,CHI,NBA,PG,12,,340,6.1,14.7,.413,4.0,5.5,.718,0.8,2.8,3.7,5.0,2.3,0.1,4.4,16.1,,,96,adelmri01
3,1974-75,28,NOJ,NBA,PG,28,,613,4.8,11.4,.421,2.9,4.2,.695,0.9,3.0,3.9,4.9,3.4,0.4,4.2,12.5,,,98,adelmri01
4,1974-75,28,KCO,NBA,PG,18,,121,4.9,10.6,.464,1.5,1.9,.800,2.3,3.0,5.3,3.0,2.7,0.4,4.6,11.4,,,98,adelmri01
5,1974-75,24,POR,NBA,SG,43,,453,4.8,10.6,.448,2.6,3.0,.867,0.8,2.1,2.9,8.2,1.6,0.1,4.5,12.1,,,102,anderda02
6,1975-76,25,POR,NBA,PG,52,,614,6.4,13.1,.486,3.7,4.4,.836,1.1,3.4,4.5,6.2,1.5,0.1,4.2,16.5,,,101,anderda02
7,1975-76,22,BOS,NBA,SG,22,,126,8.9,16.0,.556,3.9,5.7,.688,1.4,3.2,4.6,2.1,1.1,1.1,8.9,21.7,,,99,anderje01
8,1976-77,23,IND,NBA,SG,27,,164,7.1,16.1,.441,3.8,5.5,.700,2.5,0.8,3.3,2.7,1.6,0.5,7.1,18.0,,,106,anderje01
9,1973-74,37,NYK,NBA,SG,5,,58,8.0,20.8,.385,1.6,2.4,.667,0.8,2.4,3.2,4.8,0.8,0.0,1.6,17.6,,,99,barnedi01
10,1973-74,29,GSW,NBA,SG,77,,1689,9.1,19.7,.464,4.8,5.9,.814,2.0,3.8,5.8,5.5,1.5,0.3,3.8,23.1,,,101,barneji02
11,1974-75,30,TOT,NBA,SG,73,,1776,7.2,16.4,.437,5.0,6.0,.836,1.5,3.0,4.5,4.4,1.2,0.4,4.0,19.3,,,102,barneji02
12,1974-75,30,NOJ,NBA,SG,45,,1238,7.6,17.0,.448,5.5,6.7,.830,1.6,2.9,4.5,4.9,1.2,0.6,3.9,20.8,,,102,barneji02
13,1974-75,30,NYK,NBA,SG,28,,538,6.1,14.9,.407,3.7,4.3,.860,1.3,3.1,4.4,3.4,1.0,0.0,4.4,15.8,,,102,barneji02
14,1975-76,31,NYK,NBA,SG,71,,1026,7.4,16.7,.442,4.0,5.1,.789,2.2,1.8,4.0,4.0,1.1,0.1,3.9,18.8,,,103,barneji02
15,1976-77,32,PHI,NBA,SG,16,,231,5.4,12.3,.438,1.9,3.5,.556,1.3,1.3,2.7,4.4,0.8,0.0,5.4,12.7,,,104,barneji02
16,1976-77,23,SEA,NBA,SG,4,,10,9.0,27.0,.333,0.0,0.0,,9.0,4.5,13.5,4.5,0.0,0.0,22.5,18.0,,,103,barnhno01
17,1975-76,24,PHI,NBA,SF,21,,105,3.4,11.1,.308,4.3,6.8,.625,5.5,6.4,11.9,1.3,2.6,2.1,13.6,11.1,,,95,baskeje01
18,1973-74,22,NYK,NBA,SF,1,,4,0.0,11.6,.000,0.0,0.0,,0.0,0.0,0.0,0.0,0.0,0.0,0.0,0.0,,,103,bellde01
19,1974-75,23,NYK,NBA,SF,52,,465,6.8,18.1,.376,2.0,3.6,.556,4.8,5.7,10.5,2.5,2.2,0.9,5.4,15.6,,,97,bellde01
20,1975-76,24,NYK,NBA,SF,10,,76,4.9,12.7,.381,1.8,4.2,.429,2.4,6.1,8.5,1.8,3.6,0.6,6.7,11.5,,,95,bellde01
21,1973-74,34,ATL,NBA,C,77,,2440,6.9,14.2,.486,4.1,6.8,.608,4.7,8.5,13.1,3.4,0.9,0.9,4.1,18.0,,,99,bellawa01
22,1974-75,35,NOJ,NBA,C,1,,14,6.3,6.3,1.000,6.3,6.3,1.000,0.0,15.7,15.7,0.0,0.0,0.0,6.3,18.8,,,97,bellawa01
23,1974-75,24,CHI,NBA,SG,39,,252,6.7,18.0,.372,2.9,3.4,.833,2.7,4.6,7.3,4.8,2.1,1.1,7.8,16.2,,,94,benbole01
24,1975-76,25,CHI,NBA,SG,76,,1586,6.6,16.6,.397,3.2,4.2,.750,2.0,3.4,5.3,4.8,1.9,0.3,5.6,16.4,,,99,benbole01
25,1973-74,29,KCO,NBA,PF,82,,1777,7.0,16.1,.434,4.2,5.2,.796,3.3,6.6,9.9,2.4,1.7,0.9,5.8,18.2,,,99,blockjo01
26,1974-75,30,TOT,NBA,PF,54,,939,8.1,17.6,.460,5.8,7.3,.792,3.5,8.3,11.8,2.6,2.1,1.6,6.2,22.0,,,92,blockjo01
27,1974-75,30,NOJ,NBA,PF,4,,57,6.9,22.3,.310,6.9,7.7,.900,4.6,9.2,13.9,5.4,3.1,0.8,8.5,20.8,,,94,blockjo01
28,1974-75,30,CHI,NBA,PF,50,,882,8.2,17.3,.473,5.7,7.3,.784,3.4,8.2,11.7,2.4,2.1,1.7,6.0,22.1,,,92,blockjo01
29,1975-76,31,CHI,NBA,PF,2,,7,13.7,27.4,.500,0.0,13.7,.000,0.0,13.7,13.7,0.0,6.8,0.0,13.7,27.4,,,84,blockjo01
30,1974-75,22,NOJ,NBA,SF,6,,25,12.3,22.8,.538,8.8,19.3,.455,5.3,3.5,8.8,3.5,5.3,0.0,3.5,33.3,,,94,boydke01
31,1973-74,23,ATL,NBA,PG,75,,1463,7.1,15.4,.463,2.0,2.8,.719,0.8,3.6,4.3,6.8,1.8,0.1,4.6,16.3,,,101,bracest01
32,1974-75,24,GSW,NBA,SG,42,,340,7.1,17.1,.415,3.3,5.0,.658,1.3,3.7,5.0,6.8,1.8,0.1,5.4,17.5,,,100,bracest01
33,1973-74,30,NYK,NBA,SF,82,,2813,8.3,18.3,.451,2.4,2.8,.874,1.0,3.2,4.2,4.0,0.7,0.3,4.6,19.0,,,99,bradlbi01
34,1974-75,31,NYK,NBA,SF,79,,2787,7.5,17.3,.436,2.4,2.8,.873,1.1,3.1,4.2,4.1,1.2,0.3,4.7,17.5,,,102,bradlbi01
35,1975-76,32,NYK,NBA,SF,82,,2709,6.7,15.4,.433,2.2,2.5,.878,0.8,3.2,4.0,4.2,1.2,0.3,4.4,15.6,,,102,bradlbi01
36,1976-77,33,NYK,NBA,SF,67,,1027,5.5,11.8,.464,1.5,1.8,.810,1.2,3.3,4.5,5.5,1.1,0.3,5.3,12.5,,,103,bradlbi01
37,1973-74,34,LAL,NBA,PF,65,,1812,5.1,12.2,.421,2.8,3.9,.707,4.6,7.3,11.8,3.5,1.4,0.7,5.2,13.0,,,97,bridgbi01
38,1974-75,35,TOT,NBA,PF,32,,415,3.8,10.1,.376,1.8,3.7,.500,6.9,7.6,14.5,3.4,1.2,0.5,7.0,9.4,,,100,bridgbi01
39,1974-75,35,LAL,NBA,PF,17,,307,2.9,8.4,.351,2.4,4.4,.533,6.8,7.1,13.8,4.0,1.0,0.7,6.8,8.2,,,101,bridgbi01
40,1974-75,35,GSW,NBA,PF,15,,108,6.2,14.9,.417,0.4,1.7,.250,7.4,9.1,16.5,1.7,1.7,0.0,7.9,12.8,,,97,bridgbi01
41,1975-76,24,SEA,NBA,C,28,,279,4.3,12.6,.342,2.9,4.6,.621,4.8,6.9,11.7,2.1,1.1,1.8,6.2,11.5,,,99,carlsal01
42,1973-74,28,PHI,NBA,SG,78,,3044,10.3,23.9,.430,3.7,5.2,.709,1.2,4.2,5.4,6.4,1.6,0.3,4.0,24.3,,,101,cartefr01
43,1974-75,29,PHI,NBA,PG,77,,3046,10.9,24.3,.447,3.9,5.3,.738,1.1,4.1,5.2,5.1,1.2,0.3,3.9,25.7,,,101,cartefr01
44,1975-76,30,PHI,NBA,PG,82,,2992,9.9,23.8,.417,3.3,4.7,.702,1.7,2.8,4.5,5.6,2.0,0.2,4.3,23.1,,,101,cartefr01
45,1976-77,31,TOT,NBA,SG,61,,1112,8.3,19.9,.418,2.7,3.8,.708,2.2,2.5,4.7,5.0,1.6,0.4,5.0,19.4,,,105,cartefr01
46,1976-77,31,PHI,NBA,SG,14,,237,8.0,18.9,.426,1.9,3.6,.526,1.9,2.6,4.5,3.9,2.1,0.4,5.4,17.9,,,100,cartefr01
47,1976-77,31,MIL,NBA,SG,47,,875,8.4,20.2,.416,2.9,3.9,.753,2.3,2.4,4.7,5.3,1.4,0.4,4.9,19.8,,,106,cartefr01
48,1976-77,24,DET,NBA,PF,6,,49,8.1,20.7,.391,2.7,5.4,.500,7.2,7.2,14.4,0.9,1.8,0.9,7.2,18.9,,,100,cashco01
49,1973-74,32,CAP,NBA,PG,56,,1786,8.0,17.1,.467,2.6,3.3,.786,1.1,2.5,3.6,7.2,1.5,0.2,3.1,18.5,,,98,clarkar01
50,1974-75,33,SEA,NBA,PG,77,,2481,8.3,16.9,.495,3.0,3.5,.834,1.1,3.2,4.3,7.9,2.0,0.1,3.4,19.6,,,100,clarkar01
51,1975-76,34,DET,NBA,SG,79,,1589,7.2,16.6,.433,2.9,3.3,.862,0.8,3.2,3.9,6.3,1.8,0.1,4.5,17.2,,,103,clarkar01
52,1973-74,30,CLE,NBA,SF,71,,913,8.2,17.5,.471,3.1,3.7,.849,2.1,6.3,8.4,4.0,1.8,0.1,6.9,19.6,,,100,clemeba01
53,1974-75,31,POR,NBA,SF,77,,952,8.1,17.1,.473,2.2,2.9,.750,1.6,6.2,7.8,3.7,3.3,0.1,6.7,18.4,,,96,clemeba01
54,1975-76,32,POR,NBA,SF,49,,443,7.0,14.4,.490,3.1,3.5,.886,2.7,4.3,7.0,3.3,2.7,0.7,5.7,17.2,,,97,clemeba01
55,1974-75,23,BOS,NBA,SF,25,,157,8.9,20.8,.431,2.0,2.6,.778,4.3,7.5,11.8,1.4,1.4,0.9,9.8,19.9,,,94,clydebe01
56,1973-74,32,LAL,NBA,C,45,,499,5.3,14.4,.365,2.1,2.8,.727,4.8,7.8,12.6,4.7,1.7,2.0,7.3,12.6,,,95,countme01
57,1974-75,33,NOJ,NBA,C,75,,1421,6.7,15.3,.438,2.7,3.5,.761,3.1,10.5,13.6,5.6,1.5,1.3,6.1,16.1,,,96,countme01
58,1975-76,34,NOJ,NBA,C,30,,319,5.2,12.8,.407,2.3,3.0,.762,3.8,10.3,14.1,5.4,2.3,1.1,10.4,12.7,,,93,countme01
59,1975-76,25,ATL,NBA,SF,32,,172,3.2,11.6,.279,1.9,4.3,.438,3.5,8.6,12.1,1.1,0.5,2.4,6.2,8.4,,,100,creigji01
60,1973-74,27,MIL,NBA,C,8,,45,3.0,6.1,.500,0.0,7.1,.000,1.0,15.2,16.2,0.0,2.0,2.0,5.1,6.1,,,86,cunnidi01
61,1974-75,28,MIL,NBA,C,2,,8,0.0,0.0,,0.0,0.0,,0.0,11.8,11.8,5.9,0.0,0.0,5.9,0.0,,,98,cunnidi01
62,1974-75,23,NYK,NBA,SG,47,,401,8.6,18.2,.471,2.6,4.6,.550,1.7,2.6,4.3,3.5,0.3,0.1,5.6,19.7,,,104,darkje01
63,1973-74,24,POR,NBA,SG,8,,90,6.9,19.7,.350,1.5,2.0,.750,1.0,4.4,5.4,5.4,1.0,0.0,3.4,15.2,,,106,davisch01
64,1973-74,24,CLE,NBA,PF,76,,2477,7.0,16.0,.436,3.7,5.1,.719,3.2,8.7,12.0,3.5,1.2,1.4,5.4,17.7,,,98,davisdw01
65,1974-75,25,CLE,NBA,PF,78,,1964,7.2,16.2,.443,4.3,6.0,.718,2.6,8.7,11.3,3.7,1.1,0.9,6.2,18.6,,,97,davisdw01
66,1975-76,26,GSW,NBA,PF,72,,866,5.7,13.8,.413,4.0,5.8,.690,4.4,7.1,11.5,2.4,1.0,1.4,7.2,15.4,,,96,davisdw01
67,1976-77,27,GSW,NBA,PF,33,,552,4.4,10.0,.444,4.0,5.8,.681,2.7,4.9,7.7,2.3,0.9,0.6,7.5,12.8,,,103,davisdw01
68,1973-74,32,DET,NBA,C,78,,947,5.6,13.5,.413,4.3,6.6,.647,4.9,9.1,13.9,4.1,1.9,1.4,7.5,15.4,,,91,davisji01
69,1974-75,33,DET,NBA,C,79,,1078,5.2,11.5,.454,3.8,5.2,.726,4.3,8.4,12.6,4.0,2.2,1.6,5.7,14.2,,,97,davisji01
70,1973-74,23,NYK,NBA,PF,30,,167,9.2,26.4,.347,3.3,4.4,.750,4.7,10.3,15.0,2.2,0.8,1.1,10.0,21.7,,,93,davisme01
71,1974-75,24,NYK,NBA,PF,62,,903,7.9,20.4,.390,2.5,3.6,.686,3.6,12.9,16.5,2.8,0.8,0.4,5.4,18.4,,,96,davisme01
72,1975-76,25,NYK,NBA,PF,42,,408,8.6,21.8,.394,2.5,3.3,.759,4.9,11.9,16.7,3.5,1.8,0.6,6.3,19.7,,,95,davisme01
73,1976-77,26,TOT,NBA,PF,56,,1094,7.0,19.4,.362,2.7,3.8,.703,4.1,8.1,12.2,3.0,1.3,0.2,5.4,16.7,,,99,davisme01
74,1976-77,26,NYK,NBA,PF,22,,342,5.3,14.3,.373,2.9,4.0,.710,3.9,9.1,13.0,3.1,1.2,0.1,5.8,13.5,,,100,davisme01
75,1976-77,26,NYN,NBA,PF,34,,752,7.8,21.8,.359,2.6,3.7,.700,4.2,7.7,11.9,2.9,1.4,0.2,5.2,18.2,,,99,davisme01
76,,33,NYK,NBA,PF,71,,2699,9.6,20.8,.461,2.8,3.7,.756,2.3,10.7,13.0,4.3,1.2,0.7,3.8,22.0,,,93,debusda01
77,1974-75,22,SEA,NBA,SG,58,,666,9.7,22.7,.428,2.9,3.8,.768,0.8,3.2,4.0,3.1,1.6,0.3,3.2,22.3,,,101,derliro01
78,1975-76,23,SEA,NBA,SG,49,,339,9.6,23.8,.403,5.9,7.4,.804,1.1,2.5,3.6,3.4,1.4,0.1,2.9,25.1,,,103,derliro01
79,1975-76,24,DET,NBA,SG,17,,112,3.7,11.8,.310,4.1,6.5,.625,1.2,0.0,1.2,3.3,0.8,0.4,6.9,11.4,,,107,dickehe01
80,1976-77,25,ATL,NBA,PG,6,,63,4.4,8.7,.500,3.6,5.8,.625,0.0,1.5,1.5,8.0,0.7,0.0,9.5,12.4,,,107,dickehe01
81,1973-74,23,BOS,NBA,C,24,,137,6.7,20.4,.328,7.0,12.1,.579,4.5,8.0,12.4,3.5,1.6,0.0,10.5,20.4,,,94,downist01
82,1974-75,24,BOS,NBA,C,3,,9,0.0,10.1,.000,0.0,10.1,.000,0.0,10.1,10.1,0.0,0.0,0.0,0.0,0.0,,,97,downist01
83,1973-74,25,KCO,NBA,SF,45,,462,8.4,17.2,.489,4.1,6.8,.609,2.7,4.9,7.6,1.9,1.3,0.5,6.7,21.0,,,102,durreke01
84,1974-75,26,TOT,NBA,SF,48,,445,7.0,17.2,.404,3.2,5.4,.596,3.6,7.0,10.6,1.9,0.9,0.8,7.5,17.1,,,99,durreke01
85,1974-75,26,KCO,NBA,SF,21,,175,8.4,20.5,.410,2.9,5.3,.550,3.7,6.8,10.5,2.1,1.3,1.1,7.9,19.7,,,97,durreke01
86,1974-75,26,PHI,NBA,SF,27,,270,6.0,15.1,.398,3.4,5.5,.625,3.6,7.0,10.7,1.7,0.7,0.7,7.2,15.5,,,99,durreke01
87,1974-75,22,WSB,NBA,PG,37,,137,7.9,21.5,.369,4.0,5.9,.667,2.6,5.0,7.6,4.6,5.3,0.7,11.2,19.8,,,86,duvalde01
88,1975-76,23,ATL,NBA,PG,13,,130,5.3,15.3,.349,2.1,3.2,.667,0.4,2.5,2.9,7.1,2.1,0.7,5.3,12.8,,,103,duvalde01
89,1973-74,29,GSW,NBA,SF,50,,515,5.2,16.3,.321,1.5,2.7,.581,3.2,7.3,10.4,3.2,2.8,0.8,6.5,12.0,,,96,ellisjo01
90,1973-74,33,PHI,NBA,C,81,,2831,5.1,11.3,.452,2.3,3.1,.750,4.6,9.4,13.9,3.0,1.3,1.4,3.5,12.5,,,97,ellisle01
91,1974-75,34,PHI,NBA,PF,82,,2183,6.1,13.2,.461,1.5,2.1,.727,4.1,8.2,12.4,2.5,0.9,1.2,3.8,13.7,,,98,ellisle01
92,1975-76,35,PHI,NBA,C,29,,489,5.6,12.0,.462,1.6,2.6,.607,4.3,6.8,11.1,1.9,1.5,0.8,5.7,12.7,,,98,ellisle01
93,1973-74,29,PHO,NBA,SF,66,,2033,8.5,17.8,.477,3.8,4.8,.801,2.0,6.9,8.9,4.4,1.4,0.4,4.2,20.8,,,101,erickke01
94,1974-75,30,PHO,NBA,SF,49,,1469,7.4,17.4,.425,4.1,4.9,.833,2.2,5.4,7.6,5.3,1.6,0.4,4.7,18.9,,,100,erickke01
95,1975-76,31,PHO,NBA,SF,74,,1850,7.5,15.9,.470,3.3,3.9,.854,2.6,5.6,8.2,4.5,1.9,0.1,4.8,18.3,,,99,erickke01
96,1976-77,32,PHO,NBA,SF,50,,949,6.7,13.9,.483,1.8,2.4,.740,1.7,5.1,6.8,4.9,1.4,0.3,5.8,15.2,,,99,erickke01
97,1976-77,22,PHO,NBA,SG,48,,487,7.9,15.0,.531,7.0,9.2,.768,1.7,5.2,6.8,3.3,1.0,0.6,4.3,22.9,,,100,feherbu01
98,1973-74,31,BOS,NBA,C,60,,427,6.1,13.3,.462,2.9,4.4,.651,4.2,9.6,13.8,2.8,0.3,0.7,6.3,15.1,,,95,finkeha01
99,1974-75,32,BOS,NBA,C,62,,518,4.5,11.3,.403,2.0,3.8,.535,2.9,6.9,9.8,2.8,0.6,0.3,6.3,11.1,,,97,finkeha01
100,1975-76,22,NYK,NBA,SG,2,,14,3.3,16.5,.200,0.0,0.0,,3.3,6.6,9.9,0.0,3.3,0.0,13.2,6.6,,,95,foglela01
101,1973-74,27,CLE,NBA,SF,58,,649,8.0,20.5,.389,3.8,4.5,.844,3.1,4.6,7.7,4.4,1.4,0.4,5.6,19.8,,,101,fostefr01
102,1974-75,28,CLE,NBA,SF,73,,1136,9.1,21.9,.417,2.9,4.1,.711,2.4,2.3,4.6,4.3,0.9,0.1,5.5,21.2,,,103,fostefr01
103,1976-77,30,BUF,NBA,SF,59,,689,6.4,16.0,.401,1.9,2.9,.682,2.1,2.8,4.9,3.1,1.0,0.0,6.0,14.8,,,106,fostefr01
104,1973-74,30,SEA,NBA,C,78,,2179,6.4,13.5,.478,4.8,5.9,.823,4.9,9.4,14.3,4.5,1.1,0.4,4.9,17.7,,,98,foxji01
105,1974-75,31,SEA,NBA,C,75,,1766,6.5,13.9,.469,4.4,5.5,.802,3.3,9.4,12.7,3.5,1.2,0.4,4.3,17.4,,,97,foxji01
106,1975-76,32,MIL,NBA,C,70,,918,5.3,10.2,.517,3.1,4.0,.785,4.1,7.7,11.8,2.1,1.4,0.8,6.5,13.7,,,99,foxji01
107,1976-77,33,NYN,NBA,C,71,,1165,7.3,15.8,.462,3.8,4.5,.833,4.0,9.1,13.1,1.9,0.8,1.0,6.3,18.4,,,99,foxji01
108,1973-74,23,PHI,NBA,SF,35,,265,6.5,17.2,.379,4.7,6.9,.683,3.7,5.4,9.0,2.3,2.0,0.2,7.0,17.7,,,99,freemro01
109,1973-74,27,TOT,NBA,SG,40,,326,6.1,17.8,.341,2.1,2.7,.789,2.1,3.5,5.7,3.3,1.4,0.1,7.9,14.3,,,97,garredi01
110,1973-74,27,NYK,NBA,SG,25,,239,6.2,17.7,.352,1.9,2.5,.769,1.9,3.1,5.0,2.7,1.4,0.2,8.0,14.4,,,97,garredi01
111,1973-74,27,MIL,NBA,SG,15,,87,5.8,18.3,.314,2.6,3.1,.833,2.6,4.7,7.3,4.7,1.6,0.0,7.9,14.1,,,96,garredi01
112,1973-74,23,CHI,NBA,SF,41,,373,8.3,22.6,.370,2.6,3.9,.656,3.8,4.8,8.6,1.3,0.6,1.1,5.3,19.2,,,97,garrero01
113,1974-75,24,CHI,NBA,SF,70,,1183,9.3,19.3,.481,3.1,3.9,.794,3.3,6.8,10.1,1.8,1.0,0.5,5.0,21.7,,,96,garrero01
114,1975-76,25,TOT,NBA,SF,55,,540,9.5,22.8,.419,4.7,5.7,.815,4.0,6.3,10.3,1.5,2.2,0.6,6.0,23.7,,,96,garrero01
115,1975-76,25,CHI,NBA,SF,14,,324,8.4,19.4,.435,5.6,6.5,.864,4.0,7.1,11.1,1.0,1.2,0.6,4.7,22.5,,,98,garrero01
116,1975-76,25,CLE,NBA,SF,41,,216,11.2,27.8,.402,3.3,4.6,.714,3.9,5.2,9.2,2.2,3.7,0.7,7.9,25.6,,,93,garrero01
117,1976-77,26,TOT,NBA,SF,62,,598,8.0,18.1,.444,3.1,3.9,.804,2.8,5.7,8.5,2.0,1.6,0.8,6.1,19.2,,,102,garrero01
118,1976-77,26,CLE,NBA,SF,29,,215,8.8,20.5,.430,4.0,4.8,.818,2.2,6.6,8.8,1.5,1.5,0.7,6.6,21.5,,,99,garrero01
119,1976-77,26,MIL,NBA,SF,33,,383,7.6,16.9,.452,2.7,3.4,.793,3.1,5.2,8.3,2.3,1.6,0.8,5.8,17.9,,,104,garrero01
120,1973-74,23,BUF,NBA,PF,6,,11,3.9,15.6,.250,0.0,0.0,,3.9,15.6,19.5,0.0,0.0,0.0,3.9,7.8,,,98,garviji01
121,1973-74,25,SEA,NBA,SF,71,,1528,8.6,20.0,.431,4.6,5.7,.806,2.6,3.8,6.4,2.3,1.1,0.5,5.6,21.8,,,101,gibbsdi01
122,1974-75,26,WSB,NBA,SF,59,,424,7.9,20.3,.389,5.1,6.8,.750,2.8,3.7,6.5,2.0,1.3,0.3,6.4,20.9,,,96,gibbsdi01
123,1975-76,27,BUF,NBA,SF,72,,866,6.6,15.4,.429,3.9,4.8,.828,2.2,3.3,5.4,2.5,0.8,0.7,6.8,17.2,,,102,gibbsdi01
124,1973-74,27,ATL,NBA,PG,62,,2003,8.3,18.3,.454,2.3,2.9,.791,1.3,4.5,5.8,7.7,2.9,0.4,4.1,18.9,,,98,gillihe01
125,1974-75,28,ATL,NBA,SG,60,,1393,10.2,23.9,.427,3.0,3.7,.832,2.5,4.1,6.6,5.5,2.5,0.4,4.0,23.4,,,99,gillihe01
126,1975-76,29,SEA,NBA,SG,81,,1644,8.1,18.3,.442,2.4,3.1,.776,1.5,4.4,6.0,5.5,2.2,0.3,3.8,18.7,,,99,gillihe01
127,1976-77,30,POR,NBA,SG,80,,1665,8.7,19.9,.438,2.5,3.2,.767,1.7,3.7,5.4,4.5,2.0,0.2,4.5,19.9,,,100,gillihe01
128,1974-75,23,SEA,NBA,PF,75,,2280,7.5,15.4,.489,2.1,2.9,.722,2.7,6.9,9.5,3.3,1.3,0.5,5.8,17.2,,,99,grayle01
129,1975-76,24,SEA,NBA,PF,66,,2139,8.2,17.3,.474,2.6,3.5,.746,2.3,6.0,8.3,4.2,1.6,0.8,5.4,19.0,,,99,grayle01
130,1976-77,25,TOT,NBA,PF,83,,1639,7.1,16.3,.436,3.3,4.4,.747,2.3,5.8,8.1,3.4,1.6,0.9,7.5,17.5,,,99,grayle01
131,1976-77,25,SEA,NBA,PF,25,,643,8.0,18.3,.435,4.1,5.5,.756,1.6,5.9,7.5,3.8,1.9,0.9,5.9,20.1,,,99,grayle01
132,1976-77,25,WSB,NBA,PF,58,,996,6.6,15.0,.436,2.7,3.6,.738,2.8,5.7,8.5,3.1,1.4,0.8,8.6,15.8,,,99,grayle01
133,1973-74,29,TOT,NBA,SG,75,,1871,4.6,9.4,.492,0.9,1.4,.650,0.7,2.1,2.9,5.7,1.3,0.5,3.6,10.2,,,104,guokama02
134,1973-74,29,KCO,NBA,SG,9,,315,5.9,11.9,.494,1.1,1.7,.667,0.3,2.7,3.0,5.2,1.1,0.1,3.0,12.9,,,104,guokama02
135,1973-74,29,HOU,NBA,SG,39,,1007,4.2,9.1,.458,0.9,1.3,.750,0.8,1.9,2.7,6.0,1.2,0.6,3.3,9.3,,,104,guokama02
136,1973-74,29,BUF,NBA,SG,27,,549,4.8,8.6,.555,0.8,1.6,.500,0.9,2.2,3.1,5.4,1.5,0.5,4.4,10.3,,,103,guokama02
137,1974-75,30,CHI,NBA,SG,82,,2089,5.9,11.5,.510,1.8,2.4,.757,0.6,2.7,3.2,4.1,1.0,0.4,3.6,13.6,,,99,guokama02
138,1975-76,31,TOT,NBA,SG,56,,793,4.3,10.1,.422,1.0,1.6,.667,1.3,2.4,3.7,4.1,1.0,0.2,4.4,9.6,,,103,guokama02
139,1975-76,31,CHI,NBA,SG,18,,278,6.2,12.7,.486,1.6,1.9,.818,0.7,2.1,2.8,4.8,0.9,0.2,4.0,14.0,,,102,guokama02
140,1975-76,31,KCK,NBA,SG,38,,515,3.3,8.7,.374,0.8,1.4,.563,1.6,2.6,4.1,3.7,1.1,0.2,4.7,7.3,,,104,guokama02
141,1973-74,31,LAL,NBA,PF,77,,2634,6.3,12.4,.507,5.6,7.3,.771,5.5,11.5,17.0,3.4,1.0,0.3,4.3,18.2,,,95,hairsha01
142,1974-75,32,LAL,NBA,PF,74,,2283,5.4,10.6,.506,4.3,5.4,.801,6.0,12.7,18.7,3.4,1.0,0.2,4.3,15.0,,,97,hairsha01
143,1975-76,24,DET,NBA,SF,47,,651,7.3,16.0,.456,4.6,7.8,.580,4.6,8.0,12.5,1.5,1.5,2.2,5.9,19.1,,,98,hairsli01
144,1973-74,22,BOS,NBA,SF,28,,163,13.4,27.6,.485,2.7,3.5,.769,5.9,7.5,13.4,1.1,0.8,0.3,4.8,29.5,,,96,hankiph01
145,1974-75,23,BOS,NBA,SF,3,,24,11.3,20.7,.545,0.0,0.0,,1.9,11.3,13.2,3.8,1.9,0.0,5.7,22.6,,,92,hankiph01
146,1974-75,24,BUF,NBA,PF,11,,25,3.6,19.6,.182,1.8,3.6,.500,3.6,10.7,14.3,1.8,0.0,1.8,0.0,8.9,,,97,harribe01
147,1973-74,30,PHO,NBA,SG,81,,1822,8.8,19.0,.460,4.1,4.9,.842,1.9,3.5,5.3,6.2,1.9,0.4,4.0,21.6,,,103,haskicl01
148,1974-75,31,WSB,NBA,SG,70,,702,7.4,18.7,.397,3.4,4.1,.841,1.9,3.3,5.2,5.1,1.5,0.4,4.7,18.2,,,95,haskicl01
149,1975-76,32,WSB,NBA,SG,55,,737,9.2,16.8,.550,3.4,4.1,.831,0.7,2.6,3.4,4.6,1.4,0.5,4.9,21.9,,,99,haskicl01
150,1973-74,24,LAL,NBA,SG,33,,229,7.1,17.5,.409,5.6,9.0,.625,3.0,3.0,6.0,4.3,1.7,1.1,6.2,19.9,,,100,hawthna01
151,1974-75,25,PHO,NBA,SG,50,,618,8.8,21.4,.411,4.5,7.0,.649,2.5,4.3,6.8,2.9,2.2,1.6,7.0,22.1,,,98,hawthna01
152,1975-76,26,PHO,NBA,SG,79,,1144,7.2,16.8,.430,4.6,6.8,.676,3.4,4.9,8.3,1.8,1.3,0.6,5.8,19.0,,,100,hawthna01
153,1973-74,31,SEA,NBA,PG,49,,571,5.8,13.7,.422,2.6,3.4,.756,1.4,3.0,4.3,9.3,2.0,0.5,6.0,14.2,,,100,abdulma01
154,1974-75,30,CHI,NBA,PF,18,,467,5.8,13.3,.434,1.4,2.4,.609,3.1,8.9,12.0,2.5,0.9,1.0,4.7,13.0,,,94,hewitbi01
155,1976-77,22,TOT,NBA,SG,32,,345,8.3,17.2,.485,3.1,4.6,.686,2.2,2.9,5.1,5.5,2.2,1.0,6.6,19.8,,,100,howarmo01
156,1976-77,22,CLE,NBA,SG,9,,28,13.5,25.3,.533,8.4,10.1,.833,3.4,5.1,8.4,8.4,1.7,3.4,11.8,35.5,,,97,howarmo01
157,1976-77,22,NOJ,NBA,SG,23,,317,7.9,16.5,.479,2.7,4.1,.655,2.1,2.7,4.8,5.2,2.3,0.8,6.2,18.5,,,100,howarmo01
158,1973-74,25,TOT,NBA,PF,53,,1119,5.7,12.0,.472,2.3,4.9,.476,3.3,7.8,11.1,4.2,1.1,0.9,4.7,13.6,,,98,hummejo01
159,1973-74,25,CHI,NBA,PF,18,,186,5.7,11.3,.500,3.4,6.9,.500,3.2,5.9,9.1,3.2,0.7,0.2,7.4,14.8,,,96,hummejo01
160,1973-74,25,SEA,NBA,PF,35,,933,5.7,12.1,.467,2.1,4.5,.469,3.3,8.2,11.5,4.4,1.2,1.0,4.2,13.4,,,98,hummejo01
161,1974-75,26,SEA,NBA,PF,43,,568,3.3,8.7,.380,1.1,4.1,.275,2.2,6.1,8.3,3.0,0.6,0.6,5.0,7.7,,,100,hummejo01
162,1975-76,27,SEA,NBA,PF,29,,364,3.9,8.2,.478,2.1,5.0,.415,2.6,6.9,9.4,3.1,0.7,1.1,8.7,9.9,,,100,hummejo01
163,1974-75,22,TOT,NBA,SG,49,,802,4.2,10.1,.415,2.1,3.6,.581,1.1,2.9,4.0,5.5,1.3,0.5,7.5,10.4,,,101,jacksgr01
164,1974-75,22,NYK,NBA,SG,5,,27,6.9,17.2,.400,0.0,0.0,,3.4,0.0,3.4,5.2,0.0,0.0,8.6,13.8,,,106,jacksgr01
165,1974-75,22,PHO,NBA,SG,44,,775,4.1,9.9,.416,2.1,3.7,.581,1.0,3.0,4.0,5.5,1.4,0.5,7.4,10.3,,,101,jacksgr01
166,1974-75,23,SEA,NBA,SF,56,,939,4.7,11.7,.397,2.5,3.4,.718,2.6,3.9,6.4,1.5,1.3,0.2,6.1,11.8,,,101,jackswa01
167,1973-74,27,BUF,NBA,PF,74,,1304,5.6,12.1,.467,3.5,4.9,.713,3.2,7.6,10.8,4.7,1.2,0.6,5.1,14.8,,,100,kauffbo01
168,1974-75,28,ATL,NBA,PF,73,,797,6.4,14.8,.433,3.3,4.8,.702,3.8,6.5,10.3,4.6,1.1,0.2,5.8,16.1,,,101,kauffbo01
169,1973-74,24,DET,NBA,SG,46,,298,5.3,14.5,.365,2.3,3.3,.682,2.3,2.4,4.7,2.7,1.8,0.2,6.8,12.9,,,97,kelsobe01
170,1974-75,24,GSW,NBA,SF,24,,121,11.4,28.4,.403,6.6,8.1,.818,7.0,6.3,13.3,2.2,4.1,1.1,8.1,29.5,,,93,kendrfr01
171,1973-74,31,PHI,NBA,PF,75,,1592,6.0,12.7,.474,3.5,5.1,.686,5.1,10.2,15.4,2.0,1.4,0.6,5.5,15.6,,,96,kimbato01
172,1974-75,32,NOJ,NBA,PF,3,,90,3.4,11.2,.304,2.9,3.4,.857,3.9,8.8,12.7,2.0,1.0,0.0,5.9,9.8,,,99,kimbato01
173,1973-74,35,KCO,NBA,SF,77,,2091,8.7,18.1,.478,4.5,5.9,.772,2.7,5.6,8.3,2.4,1.7,0.3,3.4,21.9,,,101,kojisdo01
174,1974-75,36,KCO,NBA,SF,21,,232,9.1,19.4,.469,4.0,5.9,.667,2.8,5.0,7.7,2.0,2.4,0.2,6.1,22.2,,,97,kojisdo01
175,1973-74,32,KCO,NBA,PG,44,,830,4.3,10.5,.406,1.8,2.1,.868,0.5,1.8,2.3,5.3,1.7,0.2,4.5,10.3,,,103,komivho01
176,1974-75,23,KCO,NBA,C,67,,413,3.7,9.2,.398,2.7,3.2,.828,3.5,9.8,13.2,4.6,0.7,0.7,7.1,10.0,,,97,kosmale01
177,1975-76,24,KCK,NBA,C,9,,93,3.9,9.8,.400,2.0,3.4,.571,4.4,7.8,12.2,5.9,1.5,2.0,5.4,9.8,,,98,kosmale01
178,1973-74,22,CAP,NBA,PF,49,,573,4.6,10.5,.444,1.8,2.5,.719,4.1,5.7,9.8,2.0,1.7,0.6,6.5,11.1,,,95,kozelto01
179,1974-75,23,WSB,NBA,PF,73,,754,3.6,10.0,.359,1.9,2.2,.861,3.0,5.4,8.4,2.5,1.7,0.3,7.5,9.1,,,94,kozelto01
180,1975-76,24,WSB,NBA,PF,67,,584,3.8,7.8,.485,1.5,2.4,.633,1.5,5.0,6.5,2.6,1.5,0.3,5.8,9.1,,,97,kozelto01
181,1975-76,22,WSB,NBA,SG,25,,72,4.5,19.2,.233,3.2,3.8,.833,3.2,6.4,9.6,5.1,1.3,0.0,12.8,12.2,,,97,kroppto01
182,1976-77,23,CHI,NBA,SG,53,,480,7.3,15.2,.480,2.8,4.1,.683,2.1,2.6,4.7,3.9,1.8,0.1,7.7,17.4,,,100,kroppto01
183,1973-74,27,DET,NBA,SG,50,,980,7.1,16.6,.427,6.4,7.5,.848,1.6,3.6,5.2,4.5,1.7,0.1,3.6,20.6,,,97,lantzst01
184,1974-75,28,TOT,NBA,SG,75,,1783,5.7,14.1,.406,4.8,5.8,.838,2.2,2.7,4.9,4.7,1.4,0.3,4.1,16.3,,,103,lantzst01
185,1974-75,28,NOJ,NBA,SG,19,,353,4.8,14.3,.339,5.8,6.6,.887,0.9,2.1,3.0,3.7,1.5,0.2,3.5,15.5,,,103,lantzst01
186,1974-75,28,LAL,NBA,SG,56,,1430,6.0,14.1,.424,4.6,5.6,.824,2.6,2.8,5.4,5.0,1.4,0.3,4.2,16.5,,,104,lantzst01
187,1975-76,29,LAL,NBA,PG,53,,853,4.4,10.6,.417,4.2,4.6,.899,1.5,3.7,5.2,4.0,1.4,0.2,5.5,13.0,,,102,lantzst01
188,1975-76,22,CHI,NBA,SG,71,,1570,8.7,21.0,.412,2.7,3.7,.725,1.6,5.1,6.7,1.7,1.7,0.3,2.7,20.0,,,99,laskojo01
189,1976-77,23,CHI,NBA,SG,47,,562,6.4,18.1,.354,2.3,2.6,.900,1.4,4.0,5.4,3.8,2.7,0.2,1.9,15.1,,,97,laskojo01
190,1973-74,29,GSW,NBA,PF,54,,1642,3.5,7.6,.454,1.7,2.9,.579,5.0,11.0,16.0,1.8,0.7,0.5,4.8,8.6,,,98,leecl01
191,1974-75,30,TOT,NBA,C-PF,80,,2456,3.3,8.1,.412,2.2,3.3,.672,5.4,8.8,14.3,2.0,0.6,0.4,5.4,8.9,,,99,leecl01
192,1974-75,30,ATL,NBA,PF,9,,177,3.1,9.2,.333,8.2,9.9,.821,6.1,11.7,17.9,2.0,0.3,1.0,6.4,14.3,,,98,leecl01
193,1974-75,30,PHI,NBA,C,71,,2279,3.3,8.0,.419,1.8,2.8,.630,5.4,8.6,14.0,2.0,0.6,0.3,5.3,8.4,,,99,leecl01
194,1975-76,31,PHI,NBA,C,79,,1421,3.9,8.9,.436,2.0,3.0,.663,5.2,9.1,14.2,1.9,0.7,0.8,5.9,9.7,,,98,leecl01
195,1973-74,24,MIL,NBA,SF,36,,166,10.4,25.8,.404,3.0,4.4,.688,4.4,6.6,11.0,5.5,3.0,0.0,8.0,23.9,,,92,leeru01
196,1974-75,25,NOJ,NBA,SF,15,,139,9.2,24.0,.382,2.2,4.4,.500,4.7,5.1,9.8,2.2,3.5,0.9,5.4,20.5,,,96,leeru01
197,1974-75,22,DET,NBA,SG,38,,272,9.7,25.1,.385,2.8,4.4,.640,2.5,2.1,4.6,4.4,1.4,1.6,5.4,22.1,,,102,ligonbi01
198,1973-74,31,CHI,NBA,PF,82,,3292,10.2,24.3,.417,4.5,5.5,.818,2.5,4.3,6.8,1.8,1.2,0.4,3.1,24.8,,,97,lovebo01
199,1974-75,32,CHI,NBA,PF,61,,2401,10.8,25.2,.429,5.3,6.4,.830,2.0,5.7,7.7,2.0,1.3,0.2,4.2,26.9,,,96,lovebo01
200,1975-76,33,CHI,NBA,SF,76,,2823,9.2,23.6,.390,6.1,7.7,.801,3.2,5.4,8.6,2.5,1.1,0.2,4.0,24.6,,,100,lovebo01
201,1976-77,34,TOT,NBA,SF,59,,1174,6.4,16.9,.379,4.3,5.2,.826,3.1,4.7,7.8,1.9,0.9,0.2,4.7,17.1,,,101,lovebo01
202,1976-77,34,CHI,NBA,SF,14,,496,6.6,19.4,.338,3.4,4.5,.761,3.7,3.4,7.1,2.2,0.8,0.2,4.5,16.5,,,102,lovebo01
203,1976-77,34,NYN,NBA,SF,13,,228,9.9,21.5,.462,6.7,7.9,.846,3.0,4.7,7.7,0.8,0.2,0.4,4.7,26.6,,,103,lovebo01
204,1976-77,34,SEA,NBA,SF,32,,450,4.5,12.1,.372,4.1,4.7,.872,2.6,6.1,8.7,2.1,1.3,0.2,5.0,13.1,,,100,lovebo01
205,1973-74,33,NYK,NBA,C,73,,1627,5.5,12.0,.462,1.9,2.7,.698,1.8,8.9,10.7,6.6,0.8,0.7,3.8,13.0,,,94,lucasje01
206,1974-75,23,POR,NBA,PG,48,,792,5.0,11.0,.453,1.7,2.3,.769,0.6,2.8,3.4,10.2,1.2,0.2,4.6,11.7,,,102,lumpkph01
207,1975-76,24,PHO,NBA,PG,34,,370,2.7,8.0,.338,3.2,3.7,.867,0.9,2.0,2.8,5.9,1.8,0.0,3.2,8.6,,,102,lumpkph01
208,1973-74,22,BUF,NBA,SF,30,,112,7.3,16.9,.432,3.8,6.5,.588,3.8,5.8,9.6,1.2,2.7,0.4,11.9,18.4,,,98,macalmi01
209,1973-74,22,KCO,NBA,SG,5,,45,4.0,10.1,.400,4.0,4.0,1.000,0.0,3.0,3.0,2.0,1.0,0.0,4.0,12.1,,,104,manakte01
210,1973-74,29,TOT,NBA,SF,74,,1782,8.8,17.6,.501,3.8,4.5,.855,1.5,4.2,5.7,4.2,1.1,0.6,5.3,21.5,,,103,marinja01
211,1973-74,29,HOU,NBA,SF,47,,1102,8.6,18.2,.474,3.4,4.0,.837,1.2,3.2,4.4,5.0,0.9,0.3,4.9,20.6,,,104,marinja01
212,1973-74,29,BUF,NBA,SF,27,,680,9.2,16.8,.545,4.5,5.1,.877,1.9,5.8,7.7,2.9,1.5,1.1,5.9,22.8,,,100,marinja01
213,1974-75,30,BUF,NBA,SF,81,,2147,7.9,17.4,.455,4.0,4.6,.869,2.2,5.4,7.5,2.8,1.1,0.3,4.9,19.8,,,100,marinja01
214,1975-76,31,TOT,NBA,SF,79,,1909,8.5,20.1,.422,4.0,4.7,.856,1.7,4.5,6.2,3.5,1.1,0.3,4.1,21.0,,,100,marinja01
215,1975-76,31,BUF,NBA,SF,12,,278,6.5,15.0,.436,4.3,5.3,.818,1.6,4.8,6.4,3.7,1.1,1.0,4.8,17.4,,,100,marinja01
216,1975-76,31,CHI,NBA,SF,67,,1631,8.9,21.1,.421,3.9,4.6,.865,1.7,4.5,6.2,3.5,1.1,0.1,3.9,21.7,,,100,marinja01
217,1976-77,32,CHI,NBA,SF,54,,869,9.2,19.8,.465,1.7,2.2,.795,1.5,3.5,5.0,3.4,0.7,0.3,4.7,20.2,,,101,marinja01
218,1973-74,25,SEA,NBA,SF,13,,174,1.8,7.3,.241,0.8,1.8,.429,3.5,5.8,9.3,1.0,1.0,0.8,5.0,4.3,,,100,marshve01
219,1973-74,23,POR,NBA,C,50,,538,8.3,19.1,.435,3.5,5.4,.636,6.1,8.8,14.9,1.6,0.6,2.1,7.4,20.1,,,102,martila01
220,1974-75,24,POR,NBA,C,81,,1372,7.9,17.4,.452,3.3,4.7,.697,4.5,9.1,13.6,2.3,1.1,1.6,8.0,19.1,,,96,martila01
221,1975-76,25,POR,NBA,C,63,,889,5.5,15.1,.361,2.9,3.9,.740,3.4,12.2,15.6,3.6,0.3,1.2,6.3,13.8,,,97,martila01
222,1973-74,28,PHI,NBA,SF,56,,812,8.3,20.0,.414,4.9,5.6,.873,1.4,6.1,7.4,3.4,1.4,0.4,7.5,21.4,,,100,maydo01
223,1974-75,29,KCO,NBA,SF,29,,139,8.9,17.9,.500,3.3,4.0,.833,1.3,3.0,4.3,1.7,1.3,0.7,6.9,21.2,,,100,maydo01
224,1975-76,22,MIL,NBA,PF,65,,948,5.6,12.1,.460,2.7,4.7,.577,4.7,8.1,12.8,1.8,0.4,2.0,7.5,13.8,,,99,mayescl01
225,1976-77,23,TOT,NBA,PF,9,,52,4.3,16.3,.263,2.6,6.0,.429,8.6,5.1,13.7,2.6,0.0,3.4,10.3,11.2,,,102,mayescl01
226,1976-77,23,IND,NBA,PF,2,,21,6.4,14.9,.429,2.1,8.5,.250,8.5,6.4,14.9,6.4,0.0,4.3,10.7,14.9,,,102,mayescl01
227,1976-77,23,BUF,NBA,PF,2,,7,0.0,19.2,.000,12.8,19.2,.667,0.0,19.2,19.2,0.0,0.0,0.0,12.8,12.8,,,96,mayescl01
228,1976-77,23,POR,NBA,PF,5,,24,3.7,16.7,.222,0.0,0.0,,11.1,0.0,11.1,0.0,0.0,3.7,9.3,7.4,,,104,mayescl01
229,1975-76,27,NYK,NBA,SG,13,,64,12.2,33.1,.370,2.2,2.2,1.000,0.7,5.0,5.8,2.9,0.0,0.0,13.0,26.7,,,103,mayfike01
230,1973-74,23,HOU,NBA,SG,4,,13,3.5,13.9,.250,0.0,0.0,,3.5,17.4,20.9,7.0,0.0,0.0,10.4,7.0,,,97,mccrapa01
231,1976-77,26,CHI,NBA,SG,9,,119,7.3,19.0,.383,4.4,7.3,.611,2.4,4.0,6.5,5.6,2.4,0.0,6.9,19.0,,,98,mccrapa01
232,1974-75,22,BOS,NBA,SF,62,,395,8.0,20.8,.385,3.2,4.2,.757,2.3,5.5,7.8,2.7,0.9,0.6,6.6,19.2,,,97,mcdongl01
233,1975-76,23,BOS,NBA,SF,75,,1019,8.4,20.1,.419,1.8,2.5,.714,2.5,3.5,5.9,3.0,1.7,0.9,5.4,18.6,,,98,mcdongl01
234,1976-77,24,MIL,NBA,SF,9,,79,4.5,19.1,.235,1.7,2.2,.750,4.5,2.2,6.7,3.9,2.2,0.0,6.2,10.7,,,105,mcdongl01
235,1973-74,30,MIL,NBA,SG,79,,1910,7.8,16.5,.475,1.7,1.9,.900,0.8,2.5,3.3,5.7,1.0,0.2,3.1,17.4,,,99,mcglojo01
236,1974-75,31,MIL,NBA,SG,79,,1853,8.2,16.5,.496,1.6,1.8,.875,0.6,2.4,3.0,6.5,1.3,0.2,3.6,18.0,,,102,mcglojo01
237,1975-76,32,MIL,NBA,SG,33,,336,8.7,20.4,.426,1.2,1.4,.900,0.4,1.9,2.3,5.2,1.1,0.0,2.5,18.6,,,104,mcglojo01
238,1973-74,22,NYK,NBA,SG,2,,10,9.3,18.6,.500,0.0,0.0,,0.0,9.3,9.3,4.6,0.0,0.0,9.3,18.6,,,96,mcguial02
239,1973-74,25,SEA,NBA,SF,69,,2056,4.7,12.1,.389,1.4,2.3,.607,2.4,5.3,7.7,2.0,1.1,0.6,3.8,10.8,,,100,mcintke01
240,1974-75,26,SEA,NBA,SF,6,,101,2.7,13.1,.207,2.7,4.1,.667,2.7,4.1,6.8,3.2,1.8,1.4,5.4,8.1,,,99,mcintke01
241,1973-74,29,HOU,NBA,SG,11,,112,2.8,9.7,.292,2.4,3.2,.750,1.2,5.2,6.5,2.4,1.2,0.0,6.9,8.1,,,102,mckenst01
242,1973-74,26,HOU,NBA,PF,77,,1754,8.5,19.9,.427,2.3,3.6,.643,2.7,8.7,11.3,3.2,1.4,2.0,6.0,19.3,,,98,meelycl01
243,1974-75,27,HOU,NBA,PF,48,,753,9.7,21.6,.447,4.2,5.8,.723,3.4,6.8,10.2,2.8,1.3,1.3,7.2,23.5,,,99,meelycl01
244,1975-76,28,TOT,NBA,PF,34,,313,7.5,19.1,.394,4.8,6.9,.688,3.2,10.8,14.0,2.7,2.0,1.2,8.8,19.8,,,96,meelycl01
245,1975-76,28,HOU,NBA,PF,14,,174,8.4,21.3,.395,2.4,4.2,.563,3.2,10.5,13.7,2.6,2.4,1.1,8.2,19.2,,,97,meelycl01
246,1975-76,28,LAL,NBA,PF,20,,139,6.4,16.3,.392,7.7,10.2,.750,3.2,11.2,14.4,2.9,1.6,1.3,9.6,20.5,,,95,meelycl01
247,1973-74,23,PHO,NBA,PG,69,,1251,7.1,15.4,.460,3.2,3.7,.860,1.6,3.4,5.0,5.0,1.4,0.3,3.0,17.4,,,104,melchga01
248,1974-75,24,PHO,NBA,SG,68,,1529,7.0,16.2,.430,3.4,4.2,.809,1.4,4.3,5.6,4.7,1.4,0.4,3.5,17.4,,,101,melchga01
249,1973-74,25,NYK,NBA,SG,78,,2079,6.1,12.0,.508,2.3,3.6,.644,2.8,3.5,6.3,3.6,1.4,0.2,3.6,14.5,,,97,meminde01
250,1974-75,26,ATL,NBA,PG,80,,2177,4.8,10.4,.466,3.5,5.5,.639,1.7,2.7,4.4,8.2,2.4,0.2,3.3,13.2,,,101,meminde01
251,1975-76,27,ATL,NBA,SG,68,,1418,5.1,12.4,.409,3.3,5.0,.658,2.1,2.8,4.9,7.3,1.8,0.3,3.8,13.4,,,104,meminde01
252,1976-77,28,NYK,NBA,SG,32,,254,2.6,6.3,.417,2.3,4.0,.565,2.1,2.4,4.5,5.1,1.4,0.2,3.0,7.5,,,104,meminde01
253,1973-74,27,TOT,NBA,C,78,,946,5.7,11.5,.500,1.9,3.0,.629,3.8,9.8,13.6,3.1,1.2,2.3,4.7,13.3,,,97,mooreot01
254,1973-74,27,HOU,NBA,C,13,,313,4.6,10.0,.464,0.6,1.2,.500,2.9,9.2,12.1,2.6,1.4,2.6,5.3,9.8,,,97,mooreot01
255,1973-74,27,KCO,NBA,C,65,,633,6.3,12.2,.515,2.5,3.9,.648,4.3,10.0,14.3,3.4,1.1,2.2,4.4,15.1,,,97,mooreot01
256,1974-75,28,TOT,NBA,C,42,,1066,4.9,10.8,.450,1.9,2.8,.667,3.8,9.8,13.6,3.4,0.9,1.6,6.1,11.6,,,97,mooreot01
257,1974-75,28,DET,NBA,C,2,,11,4.3,17.4,.250,4.3,8.7,.500,0.0,8.7,8.7,4.3,0.0,4.3,8.7,13.0,,,98,mooreot01
258,1974-75,28,NOJ,NBA,C,40,,1055,4.9,10.7,.453,1.9,2.8,.672,3.8,9.8,13.6,3.4,0.9,1.6,6.1,11.6,,,97,mooreot01
259,1975-76,29,NOJ,NBA,C,81,,2407,5.5,12.6,.436,2.7,4.2,.637,3.0,11.8,14.8,4.0,1.6,2.5,4.7,13.6,,,92,mooreot01
260,1976-77,30,NOJ,NBA,C,81,,2084,4.1,10.2,.405,2.0,2.9,.679,3.7,10.0,13.7,3.9,1.2,2.5,5.0,10.2,,,96,mooreot01
261,1973-74,31,GSW,NBA,SG,77,,2498,9.5,20.2,.473,3.0,3.4,.875,1.5,3.4,4.9,5.4,1.2,0.4,3.8,22.1,,,102,mullije01
262,1974-75,32,GSW,NBA,SG,66,,1141,9.2,20.1,.455,2.8,3.4,.816,1.8,3.0,4.8,6.0,2.2,0.5,4.8,21.1,,,100,mullije01
263,1975-76,33,GSW,NBA,SG,29,,311,8.3,17.1,.483,3.3,4.1,.793,1.7,2.9,4.6,5.6,2.0,0.1,5.1,19.8,,,98,mullije01
264,1973-74,33,BOS,NBA,SF,82,,1748,9.1,17.9,.508,5.4,6.8,.788,2.2,6.4,8.6,4.0,0.5,0.3,4.7,23.5,,,97,nelsodo01
265,1974-75,34,BOS,NBA,SF,79,,2052,9.3,17.3,.539,5.8,7.0,.827,2.8,7.5,10.3,4.0,0.7,0.3,5.3,24.5,,,96,nelsodo01
266,1975-76,35,BOS,NBA,SF,75,,943,8.3,18.0,.462,6.0,7.7,.789,2.7,6.0,8.7,3.7,0.7,0.3,5.5,22.7,,,99,nelsodo01
267,1975-76,20,SEA,NBA,SG,52,,650,8.7,21.7,.402,3.6,5.3,.688,0.7,2.4,3.1,3.6,1.4,0.4,4.3,21.1,,,102,oleynfr01
268,1976-77,21,SEA,NBA,PG,50,,516,7.1,19.4,.363,3.4,4.6,.736,1.1,2.8,3.9,5.2,1.1,0.3,4.2,17.5,,,103,oleynfr01
269,1973-74,23,PHO,NBA,SF,17,,101,9.1,16.9,.538,4.8,6.1,.786,0.4,3.5,3.9,6.5,2.2,0.0,2.6,23.0,,,102,owensji01
270,1974-75,24,PHO,NBA,SF,41,,432,6.0,15.4,.386,1.3,1.7,.750,0.7,3.8,4.6,5.2,1.7,0.2,2.9,13.2,,,101,owensji01
271,1973-74,25,CLE,NBA,C,76,,1910,6.3,14.5,.437,1.7,2.7,.616,5.4,9.6,14.9,4.0,1.2,1.4,4.7,14.3,,,98,pattest01
272,1974-75,26,CLE,NBA,C,81,,1269,6.1,14.6,.416,1.8,2.8,.658,4.2,8.2,12.4,3.5,0.8,0.8,4.8,13.9,,,98,pattest01
273,1975-76,27,TOT,NBA,C,66,,918,4.4,11.5,.382,1.8,2.8,.630,4.2,7.7,11.9,4.2,0.8,0.8,4.8,10.5,,,98,pattest01
274,1975-76,27,CLE,NBA,C,14,,136,5.2,13.2,.395,2.8,3.5,.800,2.4,7.3,9.7,3.1,1.0,1.7,3.8,13.2,,,97,pattest01
275,1975-76,27,CHI,NBA,C,52,,782,4.2,11.1,.379,1.6,2.7,.591,4.5,7.8,12.2,4.3,0.8,0.7,5.0,10.0,,,99,pattest01
276,1973-74,25,CAP,NBA,SF,2,,8,0.0,5.6,.000,5.6,11.3,.500,5.6,5.6,11.3,11.3,0.0,0.0,0.0,5.6,,,99,patteto01
277,,25,POR,NBA,PG,73,,2800,11.7,24.3,.481,4.6,5.4,.853,1.0,2.3,3.3,5.0,1.3,0.2,3.1,28.0,,,107,petrige01
278,1974-75,26,POR,NBA,PG,80,,3109,8.9,19.5,.456,3.8,4.6,.839,0.6,2.5,3.1,6.3,1.2,0.2,3.2,21.6,,,102,petrige01
279,1975-76,27,POR,NBA,SG,72,,2557,9.5,20.5,.461,4.8,5.8,.829,0.7,2.3,2.9,5.8,1.4,0.1,3.4,23.8,,,102,petrige01
280,1973-74,22,KCO,NBA,C,2,,4,0.0,0.0,,0.0,0.0,,0.0,0.0,0.0,0.0,0.0,0.0,0.0,0.0,,,108,ratlimi01
281,1973-74,31,NYK,NBA,C,19,,500,7.8,17.1,.457,3.9,4.9,.792,4.4,8.7,13.1,2.8,1.1,1.9,4.5,19.5,,,93,reedwi01
282,1973-74,23,NYK,NBA,C,17,,57,10.6,23.6,.448,9.8,13.8,.706,7.3,4.9,12.2,2.4,0.0,0.0,4.9,30.9,,,99,rikerto01
283,1974-75,24,NYK,NBA,C,51,,483,5.1,14.2,.361,4.4,7.9,.561,3.9,6.5,10.3,1.8,1.4,0.5,6.2,14.6,,,99,rikerto01
284,1973-74,28,LAL,NBA,SG,72,,1361,9.1,21.1,.430,3.5,4.5,.764,1.2,2.8,4.0,4.7,1.7,0.1,5.5,21.6,,,101,rileypa01
285,1974-75,29,LAL,NBA,SF,46,,1016,9.7,23.2,.419,3.1,4.1,.742,1.1,2.7,3.8,5.4,1.6,0.2,5.7,22.5,,,103,rileypa01
286,1975-76,30,TOT,NBA,SG,62,,813,6.5,16.8,.389,3.1,4.3,.714,0.9,1.9,2.8,3.2,1.2,0.3,6.3,16.1,,,103,rileypa01
287,1975-76,30,LAL,NBA,SG,2,,23,9.7,25.1,.385,1.9,5.8,.333,1.9,3.9,5.8,0.0,1.9,1.9,9.7,21.3,,,99,rileypa01
288,1975-76,30,PHO,NBA,SG,60,,790,6.4,16.6,.389,3.1,4.3,.730,0.9,1.8,2.7,3.3,1.2,0.3,6.2,16.0,,,103,rileypa01
289,1973-74,23,TOT,NBA,PF,48,,591,6.2,15.5,.401,1.8,2.9,.632,3.7,9.9,13.5,2.8,1.4,1.8,7.3,14.2,,,97,rileyro01
290,1973-74,23,KCO,NBA,PF,12,,170,6.4,15.2,.421,3.7,6.4,.583,3.5,11.4,14.9,2.1,0.8,0.5,7.2,16.5,,,98,rileyro01
291,1973-74,23,HOU,NBA,PF,36,,421,6.1,15.6,.393,1.1,1.5,.714,3.8,9.2,13.0,3.1,1.6,2.4,7.3,13.3,,,97,rileyro01
292,1974-75,24,HOU,NBA,PF,77,,1578,5.8,13.9,.417,2.1,2.9,.732,4.0,7.2,11.2,3.8,1.7,0.7,5.8,13.7,,,99,rileyro01
293,1975-76,25,HOU,NBA,PF,65,,1049,5.0,12.2,.411,1.7,2.4,.679,4.0,9.3,13.3,3.3,1.4,0.9,6.0,11.7,,,100,rileyro01
294,1973-74,28,CAP,NBA,SF,81,,3230,8.1,17.1,.472,1.9,2.4,.782,1.7,3.6,5.3,3.7,1.4,0.2,3.3,18.0,,,97,riordmi01
295,1974-75,29,WSB,NBA,SF,74,,2191,10.7,21.8,.492,2.0,2.4,.838,1.9,4.0,5.9,4.1,1.5,0.1,4.9,23.5,,,95,riordmi01
296,1975-76,30,WSB,NBA,SF,78,,1943,6.9,15.7,.440,1.7,2.3,.740,1.0,3.4,4.4,2.9,1.3,0.3,4.8,15.5,,,99,riordmi01
297,1976-77,31,WSB,NBA,SF,49,,289,5.3,14.7,.362,1.7,2.4,.733,1.1,3.1,4.2,3.1,0.5,0.3,5.2,12.4,,,103,riordmi01
298,1973-74,26,POR,NBA,C,69,,2060,7.8,17.1,.457,4.4,6.8,.649,5.4,9.7,15.1,2.9,1.4,1.2,5.4,20.0,,,101,roberri01
299,1974-75,27,NOJ,NBA,C,16,,339,6.2,14.0,.444,3.0,5.2,.575,5.0,10.2,15.3,3.0,0.9,1.0,6.3,15.4,,,98,roberri01
300,1975-76,28,KCK,NBA,C,74,,709,4.7,11.5,.406,2.7,6.6,.408,4.7,10.2,14.9,3.4,1.2,1.1,8.1,12.0,,,98,roberri01
301,1973-74,35,MIL,NBA,PG,70,,2477,6.2,14.2,.438,3.9,4.7,.835,1.3,3.8,5.1,8.2,1.4,0.1,2.4,16.3,,,98,roberos01
302,1976-77,23,GSW,NBA,PG,26,,176,10.9,29.4,.371,3.5,3.8,.933,1.5,1.3,2.8,2.5,2.0,0.8,8.4,25.3,,,103,rogerma01
303,1973-74,29,CLE,NBA,C,26,,540,6.5,16.4,.396,2.9,3.9,.739,3.7,5.1,8.8,4.0,1.0,0.9,6.1,15.9,,,101,rulebo01
304,1974-75,30,MIL,NBA,C,1,,11,0.0,4.3,.000,0.0,0.0,,0.0,0.0,0.0,8.5,0.0,0.0,8.5,0.0,,,106,rulebo01
305,1975-76,23,BOS,NBA,SF,4,,12,7.5,22.4,.333,7.5,7.5,1.000,0.0,0.0,0.0,3.7,0.0,0.0,15.0,22.4,,,103,searced01
306,1976-77,23,DET,NBA,SG,44,,329,9.8,25.5,.384,7.0,9.7,.722,2.5,3.0,5.5,3.4,3.0,0.0,7.5,26.6,,,102,selleph01
307,1975-76,22,TOT,NBA,SF,34,,222,6.6,18.8,.352,4.1,6.6,.625,3.9,6.0,9.9,2.1,1.7,0.6,7.4,17.3,,,99,shortge01
308,1975-76,22,SEA,NBA,SF,7,,37,7.2,13.3,.545,1.2,2.4,.500,2.4,6.0,8.4,2.4,0.0,0.0,6.0,15.7,,,103,shortge01
309,1975-76,22,NYK,NBA,SF,27,,185,6.5,19.9,.325,4.7,7.5,.633,4.2,6.0,10.2,2.0,2.0,0.7,7.7,17.7,,,98,shortge01
310,1973-74,23,POR,NBA,SG,28,,124,7.1,20.0,.357,2.1,2.5,.857,3.2,5.7,8.9,4.6,1.4,0.4,8.2,16.4,,,104,siblema01
311,1974-75,22,SEA,NBA,SF,73,,1574,4.1,10.0,.409,1.8,2.8,.649,3.9,6.0,9.9,2.5,1.4,0.5,4.7,10.0,,,99,skinnta01
312,1975-76,23,SEA,NBA,SF,72,,1224,4.8,10.4,.463,1.8,2.9,.613,3.2,6.4,9.6,2.4,1.8,0.3,4.2,11.4,,,99,skinnta01
313,1973-74,31,CHI,NBA,SG,77,,2860,6.6,14.7,.447,3.1,4.4,.711,2.4,6.5,8.9,2.4,2.9,0.2,4.4,16.3,,,92,sloanje01
314,1974-75,32,CHI,NBA,SG,78,,2577,7.1,16.2,.439,3.6,4.8,.748,3.3,6.7,10.1,3.0,3.2,0.3,5.0,17.8,,,92,sloanje01
315,1975-76,33,CHI,NBA,SG,22,,617,6.5,16.3,.400,4.3,6.1,.705,3.1,5.9,9.0,1.7,2.1,0.4,6.0,17.3,,,97,sloanje01
316,1974-75,23,PHI,NBA,SG,54,,538,11.3,27.7,.408,1.8,1.8,1.000,1.2,1.4,2.6,4.1,1.7,0.3,3.9,24.4,,,102,smithdo02
317,1973-74,27,POR,NBA,SF,67,,878,5.0,11.5,.434,2.4,4.0,.608,3.3,6.2,9.5,3.9,2.1,0.3,6.3,12.4,,,102,smithgr01
318,1974-75,28,POR,NBA,SF,55,,519,6.3,12.9,.486,2.8,4.2,.667,2.6,5.3,7.9,2.4,1.9,0.5,8.5,15.4,,,98,smithgr01
319,1975-76,29,POR,NBA,SF,1,,3,0.0,14.9,.000,0.0,0.0,,0.0,0.0,0.0,0.0,0.0,0.0,29.7,0.0,,,105,smithgr01
320,1974-75,21,ATL,NBA,C,73,,2129,8.0,16.4,.488,2.0,3.1,.651,4.2,9.5,13.6,2.0,0.7,1.2,4.6,18.0,,,99,sojoumi01
321,1975-76,22,ATL,NBA,C,67,,1602,7.2,15.2,.473,2.3,3.4,.672,3.6,9.3,13.0,1.7,1.1,1.2,5.0,16.7,,,100,sojoumi01
322,1976-77,23,ATL,NBA,PF,51,,551,7.9,16.9,.468,3.4,4.7,.719,4.1,8.1,12.2,1.7,1.2,0.7,5.5,19.2,,,101,sojoumi01
323,1973-74,24,SEA,NBA,SF,67,,1019,8.0,20.5,.392,2.1,3.3,.623,2.2,5.3,7.4,1.4,0.9,0.5,5.5,18.1,,,101,stallbu01
324,1974-75,25,NOJ,NBA,SF,73,,1668,7.8,18.7,.420,3.3,4.8,.687,2.1,4.4,6.5,1.2,1.6,0.3,5.5,19.0,,,101,stallbu01
325,1975-76,26,NOJ,NBA,SF,56,,1051,9.0,20.7,.437,3.6,5.3,.685,1.8,4.4,6.2,2.3,1.3,0.7,5.8,21.7,,,99,stallbu01
326,1976-77,27,NOJ,NBA,SF,40,,526,10.7,23.2,.463,1.4,2.5,.586,1.6,4.4,6.0,2.0,1.6,0.9,6.5,22.9,,,100,stallbu01
327,1973-74,32,CAP,NBA,SF,45,,458,7.4,18.4,.401,4.6,5.4,.855,5.1,7.2,12.3,2.5,2.8,0.4,6.0,19.4,,,92,stallda01
328,1974-75,33,NYK,NBA,SF,7,,57,4.1,14.7,.278,0.0,0.0,,4.9,11.4,16.3,1.6,2.4,2.4,8.2,8.2,,,92,stallda01
329,1976-77,22,CHI,NBA,SG,17,,65,4.4,17.7,.250,1.5,1.5,1.000,4.4,3.0,7.4,4.4,0.7,0.0,8.1,10.3,,,102,starrke01
330,1975-76,22,DET,NBA,PF,28,,136,9.4,21.8,.431,7.0,9.7,.724,5.0,7.0,12.1,1.0,1.3,0.7,7.0,25.8,,,100,thomate01
331,,32,GSW,NBA,C,62,,2463,5.5,12.4,.444,3.4,5.1,.666,4.5,11.3,15.7,3.0,0.7,3.2,3.2,14.4,,,95,thurmna01
332,1974-75,33,CHI,NBA,C,80,,2756,4.4,12.0,.364,2.3,3.9,.589,4.5,11.3,15.8,5.7,0.8,3.4,4.7,11.0,,,91,thurmna01
333,1975-76,34,TOT,NBA,C,78,,1393,4.8,11.5,.421,2.1,4.2,.504,3.9,10.2,14.1,3.2,0.7,3.3,5.4,11.8,,,94,thurmna01
334,1975-76,34,CHI,NBA,C,13,,260,3.7,8.3,.444,1.5,3.3,.444,2.6,10.5,13.1,4.8,0.7,2.2,2.8,8.8,,,96,thurmna01
335,1975-76,34,CLE,NBA,C,65,,1133,5.1,12.2,.418,2.3,4.4,.514,4.2,10.1,14.3,2.8,0.8,3.6,6.0,12.4,,,94,thurmna01
336,1976-77,35,CLE,NBA,C,49,,997,4.7,11.7,.407,3.2,5.0,.642,5.7,12.0,17.7,3.9,0.8,3.8,6.1,12.7,,,94,thurmna01
337,1973-74,25,DET,NBA,PF,82,,1489,10.1,21.0,.481,3.0,4.1,.739,2.9,6.5,9.5,2.5,1.4,1.0,6.8,23.2,,,94,trappge01
338,1974-75,26,DET,NBA,PF,78,,1472,9.3,21.2,.442,3.2,4.2,.756,2.3,6.7,9.0,2.0,1.2,0.5,6.8,21.9,,,101,trappge01
339,1975-76,27,DET,NBA,PF,76,,1091,11.6,25.2,.462,2.6,3.7,.716,3.3,6.3,9.6,2.1,1.4,1.0,7.0,25.9,,,101,trappge01
340,1976-77,28,DET,NBA,PF,6,,68,9.7,18.8,.517,1.9,2.6,.750,2.6,3.9,6.5,1.9,0.0,0.6,8.4,21.4,,,107,trappge01
341,1973-74,23,ATL,NBA,SF,64,,499,5.1,14.4,.355,0.9,1.5,.588,2.9,3.7,6.6,2.9,1.5,1.7,6.0,11.1,,,100,tschojo01
342,1974-75,24,PHI,NBA,SF,39,,623,3.9,11.0,.358,1.0,1.6,.591,3.9,4.4,8.3,2.2,1.9,1.9,6.0,8.9,,,98,tschojo01
343,1973-74,30,PHO,NBA,SG,78,,2832,8.0,15.9,.500,5.6,6.5,.853,1.0,2.4,3.4,5.0,1.5,0.3,3.7,21.5,,,104,vanardi01
344,1974-75,31,PHO,NBA,SG,70,,2419,8.0,17.0,.470,5.4,6.4,.832,1.0,2.6,3.6,3.7,1.5,0.2,3.4,21.4,,,102,vanardi01
345,1975-76,32,PHO,NBA,SG,58,,1870,6.7,13.9,.484,4.7,5.7,.830,0.9,2.4,3.3,3.4,1.3,0.3,2.7,18.2,,,102,vanardi01
346,1976-77,33,PHO,NBA,SG,78,,1535,6.7,14.6,.456,4.3,4.9,.873,0.9,2.5,3.4,3.5,1.0,0.1,2.8,17.6,,,102,vanardi01
347,1973-74,30,PHI,NBA,SF,78,,3041,8.9,20.9,.428,4.3,5.1,.851,1.3,4.4,5.7,2.9,0.9,0.0,4.4,22.2,,,102,vanarto01
348,1974-75,31,TOT,NBA,SF,82,,2843,9.4,22.1,.428,5.1,6.8,.759,1.2,3.2,4.4,3.6,1.4,0.0,4.1,24.0,,,102,vanarto01
349,1974-75,31,PHI,NBA,SF,9,,273,8.3,19.7,.422,4.8,7.0,.683,1.2,3.7,4.9,2.7,2.2,0.0,4.4,21.4,,,99,vanarto01
350,1974-75,31,ATL,NBA,SF,73,,2570,9.6,22.3,.429,5.2,6.7,.768,1.2,3.1,4.4,3.6,1.4,0.1,4.1,24.3,,,103,vanarto01
351,1975-76,32,ATL,NBA,SF,75,,2026,7.9,18.0,.441,2.9,3.8,.759,0.8,3.5,4.3,3.3,1.3,0.2,4.6,18.7,,,104,vanarto01
352,1976-77,33,PHO,NBA,SF,77,,1425,5.4,12.5,.433,3.2,4.6,.703,1.5,4.3,5.8,2.1,0.6,0.1,5.1,14.0,,,101,vanarto01
353,1973-74,25,PHO,NBA,C,82,,2549,9.8,21.4,.460,4.0,5.1,.791,4.0,10.3,14.4,5.7,1.3,1.0,4.4,23.7,,,99,walkne01
354,1974-75,26,TOT,NBA,C,67,,1125,7.8,18.7,.419,3.4,4.2,.819,3.6,9.8,13.4,4.9,1.5,0.9,7.0,19.1,,,97,walkne01
355,1974-75,26,NOJ,NBA,C,37,,851,7.8,18.5,.422,3.3,4.1,.800,3.8,9.7,13.5,5.2,1.5,1.0,6.3,18.9,,,97,walkne01
356,1974-75,26,NYK,NBA,C,30,,274,8.0,19.5,.409,3.7,4.2,.880,3.1,10.0,13.1,3.7,1.2,0.5,9.3,19.7,,,97,walkne01
357,1975-76,27,NYK,NBA,C,82,,1340,9.0,20.9,.432,2.7,3.4,.798,3.4,10.0,13.4,4.1,0.9,0.8,7.2,20.8,,,98,walkne01
358,1976-77,28,NYK,NBA,C,11,,135,9.2,18.7,.491,2.0,2.3,.857,1.6,7.2,8.9,2.0,1.3,1.0,7.2,20.4,,,100,walkne01
359,1976-77,21,NOJ,NBA,SF,40,,438,7.4,15.9,.462,3.7,4.8,.766,2.4,5.3,7.7,3.3,2.0,0.7,6.0,18.4,,,99,walkean01
360,,33,CHI,NBA,SF,82,,2661,9.8,20.2,.486,7.5,8.6,.875,2.3,4.7,7.0,3.4,1.2,0.1,3.5,27.2,,,96,walkech01
361,1974-75,34,CHI,NBA,SF,76,,2452,10.3,21.1,.487,8.1,9.4,.860,2.2,6.2,8.5,3.3,1.0,0.1,3.6,28.7,,,97,walkech01
362,1973-74,29,TOT,NBA,SG,75,,2958,8.9,19.0,.469,4.2,5.1,.820,0.6,2.5,3.1,4.7,1.2,0.1,2.6,22.0,,,104,walkeji01
363,1973-74,29,HOU,NBA,SG,3,,38,8.3,14.3,.583,0.0,1.2,.000,0.0,2.4,2.4,4.8,0.0,0.0,4.8,16.7,,,107,walkeji01
364,1973-74,29,KCO,NBA,SG,72,,2920,8.9,19.0,.468,4.2,5.1,.822,0.6,2.5,3.1,4.7,1.3,0.1,2.6,22.0,,,104,walkeji01
365,1974-75,30,KCO,NBA,SG,81,,3122,8.1,17.1,.475,3.6,4.3,.855,0.8,2.8,3.5,3.3,1.3,0.2,3.3,19.9,,,101,walkeji01
366,1975-76,31,KCK,NBA,SG,73,,2490,8.4,17.3,.483,4.2,4.9,.865,0.9,2.3,3.2,3.2,1.6,0.3,3.4,21.0,,,103,walkeji01
367,1974-75,22,PHI,NBA,PG,5,,70,2.7,13.9,.190,1.3,1.3,1.000,1.3,4.0,5.3,10.6,0.0,0.0,10.6,6.6,,,103,warbipe01
368,1973-74,25,TOT,NBA,C,72,,1405,5.6,11.3,.499,2.8,3.7,.746,3.4,9.4,12.9,2.3,0.9,1.4,6.6,14.0,,,93,warneco01
369,1973-74,25,CLE,NBA,C,5,,49,1.9,12.2,.154,3.8,3.8,1.000,4.7,11.3,16.0,3.8,0.0,1.9,6.6,7.5,,,98,warneco01
370,1973-74,25,MIL,NBA,C,67,,1356,5.8,11.3,.512,2.7,3.7,.736,3.4,9.4,12.8,2.3,0.9,1.3,6.6,14.3,,,93,warneco01
371,1974-75,26,MIL,NBA,PF,79,,2519,4.6,10.1,.458,2.0,2.9,.684,4.4,10.7,15.2,2.4,0.9,1.0,5.0,11.2,,,96,warneco01
372,1975-76,27,LAL,NBA,PF,81,,2512,4.4,9.3,.479,1.6,2.3,.695,3.9,8.8,12.8,1.9,1.0,0.8,5.0,10.5,,,98,warneco01
373,1976-77,28,LAL,NBA,PF,14,,170,6.7,14.3,.472,1.1,1.6,.667,5.7,12.9,18.6,3.0,0.3,0.5,7.6,14.6,,,97,warneco01
374,1973-74,26,CLE,NBA,SG,69,,790,7.7,17.0,.454,2.0,2.4,.854,2.5,5.0,7.5,3.6,1.6,0.4,6.8,17.5,,,101,warrejo01
375,1973-74,30,ATL,NBA,PF,73,,2519,5.1,10.5,.485,2.3,3.4,.684,3.6,9.1,12.6,2.7,0.8,1.3,4.3,12.5,,,98,washiji01
376,1974-75,31,TOT,NBA,PF,80,,1579,5.4,12.0,.454,1.8,2.6,.667,3.1,8.0,11.1,3.2,1.0,0.7,4.7,12.6,,,99,washiji01
377,1974-75,31,ATL,NBA,PF,38,,905,5.7,12.9,.440,2.0,2.7,.745,2.6,7.0,9.6,3.4,1.1,0.6,4.3,13.4,,,100,washiji01
378,1974-75,31,BUF,NBA,PF,42,,674,5.1,10.7,.475,1.4,2.5,.553,3.8,9.2,13.0,2.8,0.7,0.9,5.4,11.6,,,98,washiji01
379,1975-76,32,BUF,NBA,PF,1,,7,0.0,6.3,.000,0.0,0.0,,6.3,0.0,6.3,6.3,0.0,0.0,0.0,0.0,,,107,washiji01
380,1974-75,23,WSB,NBA,SG,1,,4,0.0,11.3,.000,0.0,0.0,,0.0,0.0,0.0,0.0,0.0,0.0,11.3,0.0,,,101,washist01
381,1973-74,31,CHI,NBA,SG,79,,1708,7.0,15.1,.466,3.8,4.6,.835,0.9,1.9,2.8,8.1,2.8,0.3,4.2,17.9,,,95,weissbo01
382,1974-75,32,BUF,NBA,PG,76,,1338,3.4,8.7,.391,1.8,2.2,.806,0.7,2.8,3.5,8.7,2.7,0.6,4.9,8.6,,,99,weissbo01
383,1975-76,33,BUF,NBA,PG,66,,995,4.0,8.2,.486,1.6,2.1,.729,0.6,2.4,2.9,6.7,2.1,0.6,4.2,9.5,,,100,weissbo01
384,1976-77,34,WSB,NBA,PG,62,,768,3.7,7.8,.466,1.7,2.2,.784,0.9,3.2,4.1,7.7,3.1,0.4,3.9,9.0,,,98,weissbo01
385,1974-75,24,HOU,NBA,SF,33,,214,9.2,21.8,.420,3.3,4.8,.682,2.6,5.0,7.6,4.8,2.0,0.7,8.3,21.6,,,100,wellsow01
386,1973-74,29,CAP,NBA,C,39,,400,8.0,17.0,.470,2.9,4.9,.605,7.1,8.2,15.3,1.6,1.0,2.3,8.4,19.0,,,93,weslewa01
387,1974-75,30,TOT,NBA,C,45,,247,8.0,17.7,.452,3.0,5.1,.593,3.4,8.6,12.0,2.3,1.3,1.0,9.7,19.0,,,97,weslewa01
388,1974-75,30,PHI,NBA,C,4,,33,7.0,12.7,.556,2.8,5.6,.500,5.6,5.6,11.2,1.4,0.0,0.0,11.2,16.9,,,102,weslewa01
389,1974-75,30,MIL,NBA,C,41,,214,8.1,18.5,.440,3.1,5.1,.609,3.1,9.0,12.1,2.4,1.5,1.1,9.4,19.3,,,96,weslewa01
390,1975-76,31,LAL,NBA,C,1,,7,6.4,12.7,.500,12.7,25.4,.500,0.0,6.4,6.4,6.4,0.0,0.0,12.7,25.4,,,102,weslewa01
391,,35,LAL,NBA,PG,31,,967,10.3,23.1,.447,7.3,8.8,.833,1.3,3.8,5.2,9.2,3.6,1.0,3.6,28.0,,,95,westje01
392,1973-74,29,ATL,NBA,SG,70,,1232,3.8,8.9,.425,1.4,2.0,.719,1.4,4.6,6.0,4.9,2.6,0.7,5.2,9.0,,,98,wetzejo01
393,1974-75,30,ATL,NBA,SG,63,,785,5.0,11.7,.426,3.9,4.4,.883,2.0,4.6,6.6,4.4,2.9,0.5,6.2,13.9,,,98,wetzejo01
394,1975-76,31,PHO,NBA,SG,37,,249,4.0,8.4,.478,3.6,4.4,.833,1.5,5.5,6.9,3.5,1.6,0.5,5.5,11.7,,,99,wetzejo01
395,1973-74,36,CLE,NBA,PG,74,,2483,8.6,18.5,.465,5.4,6.7,.801,1.5,3.7,5.1,9.7,1.8,0.3,3.1,22.5,,,101,wilkele01
396,1974-75,37,POR,NBA,PG,65,,1161,5.3,12.0,.439,6.0,7.8,.768,1.5,3.2,4.7,9.3,3.0,0.4,3.8,16.6,,,98,wilkele01
397,1976-77,23,CLE,NBA,SG,22,,65,10.2,34.2,.298,6.5,8.7,.750,2.2,0.7,2.9,5.1,0.7,0.0,5.1,26.9,,,105,willich03
398,1973-74,29,MIL,NBA,PG,71,,1130,7.7,15.8,.489,2.4,2.7,.882,0.8,2.0,2.8,6.2,2.0,0.1,4.6,17.9,,,98,williro01
399,1974-75,30,MIL,NBA,PG,46,,526,5.5,14.7,.376,2.1,2.6,.828,0.9,2.9,3.8,6.3,2.1,0.2,6.3,13.2,,,100,williro01
400,1975-76,31,LAL,NBA,PG,9,,158,4.8,12.1,.395,2.8,3.7,.769,0.6,4.8,5.3,5.9,0.8,0.0,4.2,12.4,,,102,williro01
401,1973-74,26,BUF,NBA,PG,36,,433,3.7,10.4,.352,3.3,5.2,.635,1.9,2.4,4.3,4.7,1.5,0.5,4.2,10.6,,,103,winfile01
402,1974-75,27,BUF,NBA,PG,68,,1259,5.8,11.0,.526,1.7,2.4,.721,1.6,2.9,4.5,4.7,1.5,1.1,3.8,13.3,,,101,winfile01
403,1975-76,28,KCK,NBA,PG,22,,214,6.8,14.0,.485,1.9,3.0,.643,1.7,3.4,5.1,4.0,2.1,1.3,3.0,15.5,,,101,winfile01
404,1973-74,26,NYK,NBA,PF,60,,536,7.1,14.9,.477,4.2,6.6,.632,6.2,8.1,14.4,2.2,0.6,1.2,7.4,18.3,,,95,wingoha01
405,1974-75,27,NYK,NBA,PF,82,,1686,6.4,14.0,.460,3.9,5.2,.754,4.5,8.1,12.6,2.3,1.3,1.0,5.9,16.8,,,98,wingoha01
406,1975-76,28,NYK,NBA,PF,57,,533,6.2,14.1,.442,3.5,5.2,.667,4.0,5.3,9.3,1.6,1.6,0.7,5.1,15.9,,,99,wingoha01
407,1973-74,23,CLE,NBA,C,57,,728,6.7,15.4,.432,2.9,3.9,.742,5.1,9.3,14.4,2.6,0.5,1.4,5.8,16.2,,,99,wittelu01
408,1974-75,24,CLE,NBA,C,39,,271,5.8,16.9,.344,3.4,5.5,.613,6.7,9.5,16.2,2.6,0.7,3.9,7.4,15.0,,,94,wittelu01
409,1975-76,25,CLE,NBA,C,22,,99,5.2,15.3,.344,4.3,7.2,.600,4.3,13.8,18.1,1.9,0.5,0.5,6.7,14.8,,,94,wittelu01
